2026-08-08 17:58:40,503 | WARNING | AuraGen | Groq streaming with model llama-3.1-8b-instant failed: Error code: 429 - {'error': {'message': 'Rate limit reached for model `llama-3.1-8b-instant` in organization `org_01kyyfq4gwfg19b6mmv20dc3dy` service tier `on_demand` on tokens per day (TPD): Limit 500000, Used 499977, Requested 3267. Please try again in 9m20.563199999s. Need more tokens? Upgrade to Dev Tier today at https://console.groq.com/settings/billing', 'type': 'tokens', 'code': 'rate_limit_exceeded'}}. Trying next fallback model...
2026-08-08 17:58:40,558 | INFO | AuraGen | Streaming from Groq model: llama-3.3-70b-versatile
2026-08-08 17:58:40,966 | INFO | AuraGen | Decision='wizard_login' | Page='login' | Score=6.81 | Action='move'
2026-08-08 17:58:40,977 | INFO | AuraGen | Decision='wizard_login' | Page='login' | Score=6.81 | Action='move'
2026-08-08 17:58:41,967 | INFO | AuraGen | Decision='simple_login' | Page='login' | Score=5.99 | Action='move'
2026-08-08 17:58:41,967 | INFO | AuraGen | Decision='simple_login' | Page='login' | Score=5.99 | Action='move'
2026-08-08 17:58:42,060 | INFO | AuraGen | Groq streaming (llama-3.3-70b-versatile) completed in 2.09s.
2026-08-08 17:58:42,062 | INFO | AuraGen | All tokens sent. Total code length: 1777
2026-08-08 17:58:42,148 | INFO | AuraGen | Babel validation completed successfully.
2026-08-08 17:58:42,150 | INFO | AuraGen | Component saved successfully: generated_UI\login_20260808_175842.jsx
2026-08-08 17:58:42,150 | INFO | AuraGen | Generated login_20260808_175842.jsx in 2.18s
2026-08-08 17:58:42,962 | INFO | AuraGen | Decision='simple_login' | Page='login' | Score=5.27 | Action='move'
2026-08-08 17:58:42,963 | INFO | AuraGen | Decision='simple_login' | Page='login' | Score=5.27 | Action='move'
2026-08-08 17:58:43,967 | INFO | AuraGen | Decision='simple_login' | Page='login' | Score=4.64 | Action='move'
2026-08-08 17:58:43,967 | INFO | AuraGen | Decision='simple_login' | Page='login' | Score=4.64 | Action='move'
2026-08-08 17:58:43,967 | INFO | AuraGen | ========== START GENERATION (login) ==========
2026-08-08 17:58:43,968 | INFO | AuraGen | Decision='simple_login' | Page='login' | Score=4.64 | Action='move'
2026-08-08 17:58:43,969 | INFO | AuraGen | Decision='simple_login' | Page='login' | Score=4.64 | Action='move'
2026-08-08 17:58:44,001 | INFO | AuraGen | Streaming from Groq model: llama-3.1-8b-instant
2026-08-08 17:58:44,184 | WARNING | AuraGen | Groq streaming with model llama-3.1-8b-instant failed: Error code: 429 - {'error': {'message': 'Rate limit reached for model `llama-3.1-8b-instant` in organization `org_01kyyfq4gwfg19b6mmv20dc3dy` service tier `on_demand` on tokens per day (TPD): Limit 500000, Used 499954, Requested 3203. Please try again in 9m5.529599999s. Need more tokens? Upgrade to Dev Tier today at https://console.groq.com/settings/billing', 'type': 'tokens', 'code': 'rate_limit_exceeded'}}. Trying next fallback model...
2026-08-08 17:58:44,246 | INFO | AuraGen | Streaming from Groq model: llama-3.3-70b-versatile
2026-08-08 17:58:44,769 | WARNING | AuraGen | Groq streaming with model llama-3.3-70b-versatile failed: Error code: 429 - {'error': {'message': 'Rate limit reached for model `llama-3.3-70b-versatile` in organization `org_01kyyfq4gwfg19b6mmv20dc3dy` service tier `on_demand` on tokens per day (TPD): Limit 100000, Used 99998, Requested 3203. Please try again in 46m5.664s. Need more tokens? Upgrade to Dev Tier today at https://console.groq.com/settings/billing', 'type': 'tokens', 'code': 'rate_limit_exceeded'}}. Trying next fallback model...
2026-08-08 17:58:44,770 | ERROR | AuraGen | All Groq models failed/rate-limited. Streaming Smart Fallback Component.
2026-08-08 17:58:44,778 | INFO | AuraGen | All tokens sent. Total code length: 2372
2026-08-08 17:58:44,858 | INFO | AuraGen | Babel validation completed successfully.
2026-08-08 17:58:44,860 | INFO | AuraGen | Component saved successfully: generated_UI\login_20260808_175844.jsx
2026-08-08 17:58:44,860 | INFO | AuraGen | Generated login_20260808_175844.jsx in 0.89s
2026-08-08 17:58:44,976 | INFO | AuraGen | Decision='simple_login' | Page='login' | Score=4.08 | Action='move'
2026-08-08 17:58:44,976 | INFO | AuraGen | Decision='simple_login' | Page='login' | Score=4.08 | Action='move'
2026-08-08 17:58:45,961 | INFO | AuraGen | Decision='simple_login' | Page='login' | Score=5.81 | Action='move'
2026-08-08 17:58:45,961 | INFO | AuraGen | Decision='simple_login' | Page='login' | Score=5.81 | Action='move'
2026-08-08 17:58:46,974 | INFO | AuraGen | Decision='simple_login' | Page='login' | Score=5.11 | Action='move'
2026-08-08 17:58:46,974 | INFO | AuraGen | Decision='simple_login' | Page='login' | Score=5.11 | Action='move'
2026-08-08 17:58:47,974 | INFO | AuraGen | Decision='simple_login' | Page='login' | Score=4.50 | Action='move'
2026-08-08 17:58:47,974 | INFO | AuraGen | Decision='simple_login' | Page='login' | Score=4.50 | Action='move'
2026-08-08 17:58:49,879 | INFO | AuraGen | Decision='simple_login' | Page='login' | Score=3.96 | Action='move'
2026-08-08 17:58:49,880 | INFO | AuraGen | Decision='simple_login' | Page='login' | Score=3.96 | Action='move'
2026-08-08 17:58:50,884 | INFO | AuraGen | Decision='simple_login' | Page='login' | Score=3.48 | Action='move'
2026-08-08 17:58:50,885 | INFO | AuraGen | Decision='simple_login' | Page='login' | Score=3.48 | Action='move'
2026-08-08 17:58:51,870 | INFO | AuraGen | Decision='simple_login' | Page='login' | Score=3.06 | Action='move'
2026-08-08 17:58:51,870 | INFO | AuraGen | Decision='simple_login' | Page='login' | Score=3.06 | Action='move'
2026-08-08 17:58:52,873 | INFO | AuraGen | Decision='rich_login' | Page='login' | Score=2.69 | Action='move'
2026-08-08 17:58:52,873 | INFO | AuraGen | Decision='rich_login' | Page='login' | Score=2.69 | Action='move'
2026-08-08 17:58:52,874 | INFO | AuraGen | ========== START GENERATION (login) ==========
2026-08-08 17:58:52,874 | INFO | AuraGen | Decision='rich_login' | Page='login' | Score=2.69 | Action='move'
2026-08-08 17:58:52,874 | INFO | AuraGen | Decision='rich_login' | Page='login' | Score=2.69 | Action='move'
2026-08-08 17:58:52,895 | INFO | AuraGen | Streaming from Groq model: llama-3.1-8b-instant
2026-08-08 17:58:53,087 | WARNING | AuraGen | Groq streaming with model llama-3.1-8b-instant failed: Error code: 429 - {'error': {'message': 'Rate limit reached for model `llama-3.1-8b-instant` in organization `org_01kyyfq4gwfg19b6mmv20dc3dy` service tier `on_demand` on tokens per day (TPD): Limit 500000, Used 499903, Requested 3335. Please try again in 9m19.5264s. Need more tokens? Upgrade to Dev Tier today at https://console.groq.com/settings/billing', 'type': 'tokens', 'code': 'rate_limit_exceeded'}}. Trying next fallback model...
2026-08-08 17:58:53,105 | INFO | AuraGen | Streaming from Groq model: llama-3.3-70b-versatile
2026-08-08 17:58:53,333 | WARNING | AuraGen | Groq streaming with model llama-3.3-70b-versatile failed: Error code: 429 - {'error': {'message': 'Rate limit reached for model `llama-3.3-70b-versatile` in organization `org_01kyyfq4gwfg19b6mmv20dc3dy` service tier `on_demand` on tokens per day (TPD): Limit 100000, Used 99987, Requested 1758. Please try again in 25m7.68s. Need more tokens? Upgrade to Dev Tier today at https://console.groq.com/settings/billing', 'type': 'tokens', 'code': 'rate_limit_exceeded'}}. Trying next fallback model...
2026-08-08 17:58:53,333 | ERROR | AuraGen | All Groq models failed/rate-limited. Streaming Smart Fallback Component.
2026-08-08 17:58:53,339 | INFO | AuraGen | All tokens sent. Total code length: 2372
2026-08-08 17:58:53,412 | INFO | AuraGen | Babel validation completed successfully.
2026-08-08 17:58:53,414 | INFO | AuraGen | Component saved successfully: generated_UI\login_20260808_175853.jsx
2026-08-08 17:58:53,414 | INFO | AuraGen | Generated login_20260808_175853.jsx in 0.54s
2026-08-08 17:58:53,872 | INFO | AuraGen | Decision='rich_login' | Page='login' | Score=2.37 | Action='move'
2026-08-08 17:58:53,872 | INFO | AuraGen | Decision='rich_login' | Page='login' | Score=2.37 | Action='move'
2026-08-08 17:58:54,870 | INFO | AuraGen | Decision='rich_login' | Page='login' | Score=2.09 | Action='move'
2026-08-08 17:58:54,871 | INFO | AuraGen | Decision='rich_login' | Page='login' | Score=2.09 | Action='move'
2026-08-08 17:58:55,883 | INFO | AuraGen | Decision='rich_login' | Page='login' | Score=1.84 | Action='move'
2026-08-08 17:58:55,883 | INFO | AuraGen | Decision='rich_login' | Page='login' | Score=1.84 | Action='move'
2026-08-08 17:58:56,880 | INFO | AuraGen | Decision='rich_login' | Page='login' | Score=1.62 | Action='move'
2026-08-08 17:58:56,880 | INFO | AuraGen | Decision='rich_login' | Page='login' | Score=1.62 | Action='move'
2026-08-08 17:58:57,881 | INFO | AuraGen | Decision='rich_login' | Page='login' | Score=1.43 | Action='move'
2026-08-08 17:58:57,881 | INFO | AuraGen | Decision='rich_login' | Page='login' | Score=1.43 | Action='move'
2026-08-08 17:58:58,878 | INFO | AuraGen | Decision='rich_login' | Page='login' | Score=1.26 | Action='move'
2026-08-08 17:58:58,879 | INFO | AuraGen | Decision='rich_login' | Page='login' | Score=1.26 | Action='move'
2026-08-08 17:58:59,873 | INFO | AuraGen | Decision='rich_login' | Page='login' | Score=1.11 | Action='move'
2026-08-08 17:58:59,873 | INFO | AuraGen | Decision='rich_login' | Page='login' | Score=1.11 | Action='move'
2026-08-08 17:59:00,878 | INFO | AuraGen | Decision='rich_login' | Page='login' | Score=0.98 | Action='move'
2026-08-08 17:59:00,878 | INFO | AuraGen | Decision='rich_login' | Page='login' | Score=0.98 | Action='move'
2026-08-08 17:59:01,880 | INFO | AuraGen | Decision='rich_login' | Page='login' | Score=0.86 | Action='move'
2026-08-08 17:59:01,881 | INFO | AuraGen | Decision='rich_login' | Page='login' | Score=0.86 | Action='move'
2026-08-08 17:59:02,877 | INFO | AuraGen | Decision='rich_login' | Page='login' | Score=0.76 | Action='move'
2026-08-08 17:59:02,877 | INFO | AuraGen | Decision='rich_login' | Page='login' | Score=0.76 | Action='move'
2026-08-08 17:59:03,875 | INFO | AuraGen | Decision='rich_login' | Page='login' | Score=0.67 | Action='move'
2026-08-08 17:59:03,875 | INFO | AuraGen | Decision='rich_login' | Page='login' | Score=0.67 | Action='move'
2026-08-08 17:59:04,876 | INFO | AuraGen | Decision='rich_login' | Page='login' | Score=0.59 | Action='move'
2026-08-08 17:59:04,877 | INFO | AuraGen | Decision='rich_login' | Page='login' | Score=0.59 | Action='move'
2026-08-08 17:59:05,879 | INFO | AuraGen | Decision='rich_login' | Page='login' | Score=0.52 | Action='move'
2026-08-08 17:59:05,880 | INFO | AuraGen | Decision='rich_login' | Page='login' | Score=0.52 | Action='move'
2026-08-08 17:59:06,880 | INFO | AuraGen | Decision='rich_login' | Page='login' | Score=0.50 | Action='move'
2026-08-08 17:59:06,881 | INFO | AuraGen | Decision='rich_login' | Page='login' | Score=0.50 | Action='move'
2026-08-08 17:59:07,880 | INFO | AuraGen | Decision='rich_login' | Page='login' | Score=0.50 | Action='move'
2026-08-08 17:59:07,881 | INFO | AuraGen | Decision='rich_login' | Page='login' | Score=0.50 | Action='move'
2026-08-08 17:59:08,880 | INFO | AuraGen | Decision='rich_login' | Page='login' | Score=0.50 | Action='move'
2026-08-08 17:59:08,880 | INFO | AuraGen | Decision='rich_login' | Page='login' | Score=0.50 | Action='move'
2026-08-08 17:59:09,877 | INFO | AuraGen | Decision='rich_login' | Page='login' | Score=0.50 | Action='move'
2026-08-08 17:59:09,878 | INFO | AuraGen | Decision='rich_login' | Page='login' | Score=0.50 | Action='move'
2026-08-08 17:59:10,876 | INFO | AuraGen | Decision='rich_login' | Page='login' | Score=0.50 | Action='move'
2026-08-08 17:59:10,876 | INFO | AuraGen | Decision='rich_login' | Page='login' | Score=0.50 | Action='move'
2026-08-08 17:59:11,876 | INFO | AuraGen | Decision='rich_login' | Page='login' | Score=0.50 | Action='move'
2026-08-08 17:59:11,876 | INFO | AuraGen | Decision='rich_login' | Page='login' | Score=0.50 | Action='move'
2026-08-08 17:59:12,874 | INFO | AuraGen | Decision='rich_login' | Page='login' | Score=0.50 | Action='move'
2026-08-08 17:59:12,875 | INFO | AuraGen | Decision='rich_login' | Page='login' | Score=0.50 | Action='move'
2026-08-08 17:59:13,873 | INFO | AuraGen | Decision='rich_login' | Page='login' | Score=0.50 | Action='move'
2026-08-08 17:59:13,873 | INFO | AuraGen | Decision='rich_login' | Page='login' | Score=0.50 | Action='move'
2026-08-08 17:59:14,876 | INFO | AuraGen | Decision='rich_login' | Page='login' | Score=0.50 | Action='move'
2026-08-08 17:59:14,876 | INFO | AuraGen | Decision='rich_login' | Page='login' | Score=0.50 | Action='move'
2026-08-08 17:59:15,875 | INFO | AuraGen | Decision='rich_login' | Page='login' | Score=0.50 | Action='move'
2026-08-08 17:59:15,875 | INFO | AuraGen | Decision='rich_login' | Page='login' | Score=0.50 | Action='move'
2026-08-08 17:59:16,872 | INFO | AuraGen | Decision='rich_login' | Page='login' | Score=0.50 | Action='move'
2026-08-08 17:59:16,873 | INFO | AuraGen | Decision='rich_login' | Page='login' | Score=0.50 | Action='move'
2026-08-08 17:59:17,870 | INFO | AuraGen | Decision='rich_login' | Page='login' | Score=0.50 | Action='move'
2026-08-08 17:59:17,871 | INFO | AuraGen | Decision='rich_login' | Page='login' | Score=0.50 | Action='move'
2026-08-08 17:59:18,869 | INFO | AuraGen | Decision='simple_login' | Page='login' | Score=3.88 | Action='move'
2026-08-08 17:59:18,870 | INFO | AuraGen | Decision='simple_login' | Page='login' | Score=3.88 | Action='move'
2026-08-08 17:59:18,870 | INFO | AuraGen | ========== START GENERATION (login) ==========
2026-08-08 17:59:18,870 | INFO | AuraGen | Decision='simple_login' | Page='login' | Score=3.88 | Action='move'
2026-08-08 17:59:18,871 | INFO | AuraGen | Decision='simple_login' | Page='login' | Score=3.88 | Action='move'
2026-08-08 17:59:18,901 | INFO | AuraGen | Streaming from Groq model: llama-3.1-8b-instant
2026-08-08 17:59:18,967 | INFO | AuraGen | Decision='simple_login' | Page='login' | Score=3.41 | Action='move'
2026-08-08 17:59:18,968 | INFO | AuraGen | Decision='simple_login' | Page='login' | Score=3.41 | Action='move'
2026-08-08 17:59:19,383 | WARNING | AuraGen | Groq streaming with model llama-3.1-8b-instant failed: Error code: 429 - {'error': {'message': 'Rate limit reached for model `llama-3.1-8b-instant` in organization `org_01kyyfq4gwfg19b6mmv20dc3dy` service tier `on_demand` on tokens per day (TPD): Limit 500000, Used 499751, Requested 3203. Please try again in 8m30.4512s. Need more tokens? Upgrade to Dev Tier today at https://console.groq.com/settings/billing', 'type': 'tokens', 'code': 'rate_limit_exceeded'}}. Trying next fallback model...
2026-08-08 17:59:19,409 | INFO | AuraGen | Decision='wizard_login' | Page='login' | Score=6.71 | Action='move'
2026-08-08 17:59:19,409 | INFO | AuraGen | Decision='wizard_login' | Page='login' | Score=6.71 | Action='move'
2026-08-08 17:59:19,411 | INFO | AuraGen | Streaming from Groq model: llama-3.3-70b-versatile
2026-08-08 17:59:19,663 | WARNING | AuraGen | Groq streaming with model llama-3.3-70b-versatile failed: Error code: 429 - {'error': {'message': 'Rate limit reached for model `llama-3.3-70b-versatile` in organization `org_01kyyfq4gwfg19b6mmv20dc3dy` service tier `on_demand` on tokens per day (TPD): Limit 100000, Used 99957, Requested 3203. Please try again in 45m30.24s. Need more tokens? Upgrade to Dev Tier today at https://console.groq.com/settings/billing', 'type': 'tokens', 'code': 'rate_limit_exceeded'}}. Trying next fallback model...
2026-08-08 17:59:19,664 | ERROR | AuraGen | All Groq models failed/rate-limited. Streaming Smart Fallback Component.
2026-08-08 17:59:19,668 | INFO | AuraGen | All tokens sent. Total code length: 2372
2026-08-08 17:59:19,748 | INFO | AuraGen | Babel validation completed successfully.
2026-08-08 17:59:19,761 | INFO | AuraGen | Component saved successfully: generated_UI\login_20260808_175919.jsx
2026-08-08 17:59:19,761 | INFO | AuraGen | Generated login_20260808_175919.jsx in 0.89s
2026-08-08 17:59:19,965 | INFO | AuraGen | Decision='simple_login' | Page='login' | Score=4.35 | Action='move'
2026-08-08 17:59:19,966 | INFO | AuraGen | Decision='simple_login' | Page='login' | Score=4.35 | Action='move'
2026-08-08 17:59:20,963 | INFO | AuraGen | Decision='simple_login' | Page='login' | Score=5.51 | Action='move'
2026-08-08 17:59:20,963 | INFO | AuraGen | Decision='simple_login' | Page='login' | Score=5.51 | Action='move'
2026-08-08 17:59:21,547 | INFO | AuraGen | WebSocket disconnected | Active Connections: 0
2026-08-08 17:59:21,547 | INFO | AuraGen | Frontend disconnected.
2026-08-08 17:59:21,790 | INFO | AuraGen | WebSocket connected | Active Connections: 1
2026-08-08 17:59:21,790 | INFO | AuraGen | Frontend connected.
2026-08-08 17:59:21,790 | INFO | AuraGen | Active Connections: 1
2026-08-08 17:59:21,901 | INFO | AuraGen | Replaying cached generation for session 7e8c3d26-5abe-4f7b-854a-0a01abd04a29
2026-08-08 17:59:22,651 | INFO | AuraGen | Decision='wizard_login' | Page='login' | Score=9.67 | Action='move'
2026-08-08 17:59:22,652 | INFO | AuraGen | Decision='wizard_login' | Page='login' | Score=9.67 | Action='move'
2026-08-08 17:59:22,652 | INFO | AuraGen | ========== START GENERATION (login) ==========
2026-08-08 17:59:22,652 | INFO | AuraGen | Decision='wizard_login' | Page='login' | Score=9.67 | Action='move'
2026-08-08 17:59:22,653 | INFO | AuraGen | Decision='wizard_login' | Page='login' | Score=9.67 | Action='move'
2026-08-08 17:59:22,684 | INFO | AuraGen | Streaming from Groq model: llama-3.1-8b-instant
2026-08-08 17:59:22,790 | INFO | AuraGen | Decision='rich_login' | Page='login' | Score=2.81 | Action='move'
2026-08-08 17:59:22,791 | INFO | AuraGen | Decision='rich_login' | Page='login' | Score=2.81 | Action='move'
2026-08-08 17:59:22,939 | WARNING | AuraGen | Groq streaming with model llama-3.1-8b-instant failed: Error code: 429 - {'error': {'message': 'Rate limit reached for model `llama-3.1-8b-instant` in organization `org_01kyyfq4gwfg19b6mmv20dc3dy` service tier `on_demand` on tokens per day (TPD): Limit 500000, Used 499730, Requested 2240. Please try again in 5m40.416s. Need more tokens? Upgrade to Dev Tier today at https://console.groq.com/settings/billing', 'type': 'tokens', 'code': 'rate_limit_exceeded'}}. Trying next fallback model...
2026-08-08 17:59:22,989 | INFO | AuraGen | Streaming from Groq model: llama-3.3-70b-versatile
2026-08-08 17:59:23,211 | WARNING | AuraGen | Groq streaming with model llama-3.3-70b-versatile failed: Error code: 429 - {'error': {'message': 'Rate limit reached for model `llama-3.3-70b-versatile` in organization `org_01kyyfq4gwfg19b6mmv20dc3dy` service tier `on_demand` on tokens per day (TPD): Limit 100000, Used 99953, Requested 3267. Please try again in 46m22.08s. Need more tokens? Upgrade to Dev Tier today at https://console.groq.com/settings/billing', 'type': 'tokens', 'code': 'rate_limit_exceeded'}}. Trying next fallback model...
2026-08-08 17:59:23,211 | ERROR | AuraGen | All Groq models failed/rate-limited. Streaming Smart Fallback Component.
2026-08-08 17:59:23,215 | INFO | AuraGen | All tokens sent. Total code length: 2372
2026-08-08 17:59:23,288 | INFO | AuraGen | Babel validation completed successfully.
2026-08-08 17:59:23,290 | INFO | AuraGen | Component saved successfully: generated_UI\login_20260808_175923.jsx
2026-08-08 17:59:23,290 | INFO | AuraGen | Generated login_20260808_175923.jsx in 0.64s
2026-08-08 17:59:23,564 | INFO | AuraGen | Decision='simple_login' | Page='login' | Score=3.31 | Action='click'
2026-08-08 17:59:23,570 | INFO | AuraGen | Decision='simple_login' | Page='login' | Score=3.31 | Action='click'
2026-08-08 17:59:23,793 | INFO | AuraGen | Decision='rich_login' | Page='login' | Score=2.91 | Action='move'
2026-08-08 17:59:23,793 | INFO | AuraGen | Decision='rich_login' | Page='login' | Score=2.91 | Action='move'
2026-08-08 17:59:24,259 | INFO | AuraGen | Decision='simple_login' | Page='login' | Score=5.97 | Action='move'
2026-08-08 17:59:24,259 | INFO | AuraGen | Decision='simple_login' | Page='login' | Score=5.97 | Action='move'
2026-08-08 17:59:24,790 | INFO | AuraGen | Decision='rich_login' | Page='login' | Score=1.72 | Action='move'
2026-08-08 17:59:24,791 | INFO | AuraGen | Decision='rich_login' | Page='login' | Score=1.72 | Action='move'
2026-08-08 17:59:25,789 | INFO | AuraGen | Decision='rich_login' | Page='login' | Score=1.51 | Action='move'
2026-08-08 17:59:25,790 | INFO | AuraGen | Decision='rich_login' | Page='login' | Score=1.51 | Action='move'
2026-08-08 17:59:25,790 | INFO | AuraGen | ========== START GENERATION (login) ==========
2026-08-08 17:59:25,790 | INFO | AuraGen | Decision='rich_login' | Page='login' | Score=1.51 | Action='move'
2026-08-08 17:59:25,790 | INFO | AuraGen | Decision='rich_login' | Page='login' | Score=1.51 | Action='move'
2026-08-08 17:59:25,816 | INFO | AuraGen | Streaming from Groq model: llama-3.1-8b-instant
2026-08-08 17:59:26,032 | WARNING | AuraGen | Groq streaming with model llama-3.1-8b-instant failed: Error code: 429 - {'error': {'message': 'Rate limit reached for model `llama-3.1-8b-instant` in organization `org_01kyyfq4gwfg19b6mmv20dc3dy` service tier `on_demand` on tokens per day (TPD): Limit 500000, Used 499712, Requested 2344. Please try again in 5m55.2768s. Need more tokens? Upgrade to Dev Tier today at https://console.groq.com/settings/billing', 'type': 'tokens', 'code': 'rate_limit_exceeded'}}. Trying next fallback model...
2026-08-08 17:59:26,070 | INFO | AuraGen | Streaming from Groq model: llama-3.3-70b-versatile
2026-08-08 17:59:26,306 | WARNING | AuraGen | Groq streaming with model llama-3.3-70b-versatile failed: Error code: 429 - {'error': {'message': 'Rate limit reached for model `llama-3.3-70b-versatile` in organization `org_01kyyfq4gwfg19b6mmv20dc3dy` service tier `on_demand` on tokens per day (TPD): Limit 100000, Used 99949, Requested 3371. Please try again in 47m48.48s. Need more tokens? Upgrade to Dev Tier today at https://console.groq.com/settings/billing', 'type': 'tokens', 'code': 'rate_limit_exceeded'}}. Trying next fallback model...
2026-08-08 17:59:26,306 | ERROR | AuraGen | All Groq models failed/rate-limited. Streaming Smart Fallback Component.
2026-08-08 17:59:26,310 | INFO | AuraGen | All tokens sent. Total code length: 2372
2026-08-08 17:59:26,401 | INFO | AuraGen | Babel validation completed successfully.
2026-08-08 17:59:26,403 | INFO | AuraGen | Component saved successfully: generated_UI\login_20260808_175926.jsx
2026-08-08 17:59:26,403 | INFO | AuraGen | Generated login_20260808_175926.jsx in 0.61s
2026-08-08 17:59:26,479 | INFO | AuraGen | Decision='wizard_login' | Page='login' | Score=6.17 | Action='move'
2026-08-08 17:59:26,479 | INFO | AuraGen | Decision='wizard_login' | Page='login' | Score=6.17 | Action='move'
2026-08-08 17:59:26,794 | INFO | AuraGen | Decision='rich_login' | Page='login' | Score=1.56 | Action='move'
2026-08-08 17:59:26,795 | INFO | AuraGen | Decision='rich_login' | Page='login' | Score=1.56 | Action='move'
2026-08-08 17:59:26,956 | INFO | AuraGen | Decision='rich_login' | Page='login' | Score=2.64 | Action='click'
2026-08-08 17:59:26,956 | INFO | AuraGen | Decision='rich_login' | Page='login' | Score=2.64 | Action='click'
2026-08-08 17:59:27,794 | INFO | AuraGen | Decision='rich_login' | Page='login' | Score=2.32 | Action='move'
2026-08-08 17:59:27,795 | INFO | AuraGen | Decision='rich_login' | Page='login' | Score=2.32 | Action='move'
2026-08-08 17:59:28,789 | INFO | AuraGen | Decision='rich_login' | Page='login' | Score=2.04 | Action='move'
2026-08-08 17:59:28,790 | INFO | AuraGen | Decision='rich_login' | Page='login' | Score=2.04 | Action='move'
2026-08-08 17:59:29,789 | INFO | AuraGen | Decision='rich_login' | Page='login' | Score=1.80 | Action='move'
2026-08-08 17:59:29,789 | INFO | AuraGen | Decision='rich_login' | Page='login' | Score=1.80 | Action='move'
2026-08-08 17:59:30,793 | INFO | AuraGen | Decision='rich_login' | Page='login' | Score=1.58 | Action='move'
2026-08-08 17:59:30,793 | INFO | AuraGen | Decision='rich_login' | Page='login' | Score=1.58 | Action='move'
2026-08-08 17:59:31,793 | INFO | AuraGen | Decision='rich_login' | Page='login' | Score=1.39 | Action='move'
2026-08-08 17:59:31,793 | INFO | AuraGen | Decision='rich_login' | Page='login' | Score=1.39 | Action='move'
2026-08-08 17:59:32,791 | INFO | AuraGen | Decision='rich_login' | Page='login' | Score=1.22 | Action='move'
2026-08-08 17:59:32,792 | INFO | AuraGen | Decision='rich_login' | Page='login' | Score=1.22 | Action='move'
2026-08-08 17:59:33,791 | INFO | AuraGen | Decision='rich_login' | Page='login' | Score=1.07 | Action='move'
2026-08-08 17:59:33,792 | INFO | AuraGen | Decision='rich_login' | Page='login' | Score=1.07 | Action='move'
2026-08-08 17:59:34,791 | INFO | AuraGen | Decision='rich_login' | Page='login' | Score=0.94 | Action='move'
2026-08-08 17:59:34,791 | INFO | AuraGen | Decision='rich_login' | Page='login' | Score=0.94 | Action='move'
2026-08-08 17:59:35,801 | INFO | AuraGen | Decision='rich_login' | Page='login' | Score=0.83 | Action='move'
2026-08-08 17:59:35,801 | INFO | AuraGen | Decision='rich_login' | Page='login' | Score=0.83 | Action='move'
2026-08-08 17:59:36,789 | INFO | AuraGen | Decision='simple_login' | Page='login' | Score=3.96 | Action='move'
2026-08-08 17:59:36,790 | INFO | AuraGen | Decision='simple_login' | Page='login' | Score=3.96 | Action='move'
2026-08-08 17:59:36,790 | INFO | AuraGen | ========== START GENERATION (login) ==========
2026-08-08 17:59:36,790 | INFO | AuraGen | Decision='simple_login' | Page='login' | Score=3.96 | Action='move'
2026-08-08 17:59:36,791 | INFO | AuraGen | Decision='simple_login' | Page='login' | Score=3.96 | Action='move'
2026-08-08 17:59:36,821 | INFO | AuraGen | Streaming from Groq model: llama-3.1-8b-instant
2026-08-08 17:59:37,060 | WARNING | AuraGen | Groq streaming with model llama-3.1-8b-instant failed: Error code: 429 - {'error': {'message': 'Rate limit reached for model `llama-3.1-8b-instant` in organization `org_01kyyfq4gwfg19b6mmv20dc3dy` service tier `on_demand` on tokens per day (TPD): Limit 500000, Used 499648, Requested 2212. Please try again in 5m21.408s. Need more tokens? Upgrade to Dev Tier today at https://console.groq.com/settings/billing', 'type': 'tokens', 'code': 'rate_limit_exceeded'}}. Trying next fallback model...
2026-08-08 17:59:37,111 | INFO | AuraGen | Streaming from Groq model: llama-3.3-70b-versatile
2026-08-08 17:59:37,354 | WARNING | AuraGen | Groq streaming with model llama-3.3-70b-versatile failed: Error code: 429 - {'error': {'message': 'Rate limit reached for model `llama-3.3-70b-versatile` in organization `org_01kyyfq4gwfg19b6mmv20dc3dy` service tier `on_demand` on tokens per day (TPD): Limit 100000, Used 99937, Requested 3239. Please try again in 45m44.064s. Need more tokens? Upgrade to Dev Tier today at https://console.groq.com/settings/billing', 'type': 'tokens', 'code': 'rate_limit_exceeded'}}. Trying next fallback model...
2026-08-08 17:59:37,354 | ERROR | AuraGen | All Groq models failed/rate-limited. Streaming Smart Fallback Component.
2026-08-08 17:59:37,382 | INFO | AuraGen | All tokens sent. Total code length: 2372
2026-08-08 17:59:37,458 | INFO | AuraGen | Babel validation completed successfully.
2026-08-08 17:59:37,460 | INFO | AuraGen | Component saved successfully: generated_UI\login_20260808_175937.jsx
2026-08-08 17:59:37,460 | INFO | AuraGen | Generated login_20260808_175937.jsx in 0.67s
2026-08-08 17:59:37,789 | INFO | AuraGen | Decision='simple_login' | Page='login' | Score=5.48 | Action='move'
2026-08-08 17:59:37,789 | INFO | AuraGen | Decision='simple_login' | Page='login' | Score=5.48 | Action='move'
2026-08-08 17:59:38,183 | INFO | AuraGen | Decision='rich_login' | Page='login' | Score=2.04 | Action='move'
2026-08-08 17:59:38,183 | INFO | AuraGen | Decision='rich_login' | Page='login' | Score=2.04 | Action='move'
2026-08-08 17:59:38,802 | INFO | AuraGen | Decision='rich_login' | Page='login' | Score=1.41 | Action='move'
2026-08-08 17:59:38,803 | INFO | AuraGen | Decision='rich_login' | Page='login' | Score=1.41 | Action='move'
2026-08-08 17:59:38,973 | INFO | AuraGen | Decision='rich_login' | Page='login' | Score=2.60 | Action='click'
2026-08-08 17:59:38,973 | INFO | AuraGen | Decision='rich_login' | Page='login' | Score=2.60 | Action='click'
2026-08-08 17:59:39,803 | INFO | AuraGen | Decision='simple_login' | Page='login' | Score=5.91 | Action='move'
2026-08-08 17:59:39,803 | INFO | AuraGen | Decision='simple_login' | Page='login' | Score=5.91 | Action='move'
2026-08-08 17:59:40,194 | INFO | AuraGen | Decision='simple_login' | Page='login' | Score=3.73 | Action='click'
2026-08-08 17:59:40,194 | INFO | AuraGen | Decision='simple_login' | Page='login' | Score=3.73 | Action='click'
2026-08-08 17:59:40,798 | INFO | AuraGen | Decision='simple_login' | Page='login' | Score=3.28 | Action='move'
2026-08-08 17:59:40,798 | INFO | AuraGen | Decision='simple_login' | Page='login' | Score=3.28 | Action='move'
2026-08-08 17:59:41,795 | INFO | AuraGen | Decision='rich_login' | Page='login' | Score=2.89 | Action='move'
2026-08-08 17:59:41,796 | INFO | AuraGen | Decision='rich_login' | Page='login' | Score=2.89 | Action='move'
2026-08-08 17:59:41,796 | INFO | AuraGen | ========== START GENERATION (login) ==========
2026-08-08 17:59:41,796 | INFO | AuraGen | Decision='rich_login' | Page='login' | Score=2.89 | Action='move'
2026-08-08 17:59:41,797 | INFO | AuraGen | Decision='rich_login' | Page='login' | Score=2.89 | Action='move'
2026-08-08 17:59:41,825 | INFO | AuraGen | Streaming from Groq model: llama-3.1-8b-instant
2026-08-08 17:59:42,058 | WARNING | AuraGen | Groq streaming with model llama-3.1-8b-instant failed: Error code: 429 - {'error': {'message': 'Rate limit reached for model `llama-3.1-8b-instant` in organization `org_01kyyfq4gwfg19b6mmv20dc3dy` service tier `on_demand` on tokens per day (TPD): Limit 500000, Used 499619, Requested 2344. Please try again in 5m39.2064s. Need more tokens? Upgrade to Dev Tier today at https://console.groq.com/settings/billing', 'type': 'tokens', 'code': 'rate_limit_exceeded'}}. Trying next fallback model...
2026-08-08 17:59:42,121 | INFO | AuraGen | Streaming from Groq model: llama-3.3-70b-versatile
2026-08-08 17:59:42,355 | WARNING | AuraGen | Groq streaming with model llama-3.3-70b-versatile failed: Error code: 429 - {'error': {'message': 'Rate limit reached for model `llama-3.3-70b-versatile` in organization `org_01kyyfq4gwfg19b6mmv20dc3dy` service tier `on_demand` on tokens per day (TPD): Limit 100000, Used 99931, Requested 3371. Please try again in 47m32.928s. Need more tokens? Upgrade to Dev Tier today at https://console.groq.com/settings/billing', 'type': 'tokens', 'code': 'rate_limit_exceeded'}}. Trying next fallback model...
2026-08-08 17:59:42,355 | ERROR | AuraGen | All Groq models failed/rate-limited. Streaming Smart Fallback Component.
2026-08-08 17:59:42,393 | INFO | AuraGen | All tokens sent. Total code length: 2372
2026-08-08 17:59:42,468 | INFO | AuraGen | Babel validation completed successfully.
2026-08-08 17:59:42,481 | INFO | AuraGen | Component saved successfully: generated_UI\login_20260808_175942.jsx
2026-08-08 17:59:42,481 | INFO | AuraGen | Generated login_20260808_175942.jsx in 0.68s
2026-08-08 17:59:42,799 | INFO | AuraGen | Decision='rich_login' | Page='login' | Score=2.54 | Action='move'
2026-08-08 17:59:42,799 | INFO | AuraGen | Decision='rich_login' | Page='login' | Score=2.54 | Action='move'
2026-08-08 17:59:43,796 | INFO | AuraGen | Decision='wizard_login' | Page='login' | Score=7.51 | Action='move'
2026-08-08 17:59:43,796 | INFO | AuraGen | Decision='wizard_login' | Page='login' | Score=7.51 | Action='move'
2026-08-08 17:59:44,796 | INFO | AuraGen | Decision='wizard_login' | Page='login' | Score=6.61 | Action='move'
2026-08-08 17:59:44,796 | INFO | AuraGen | Decision='wizard_login' | Page='login' | Score=6.61 | Action='move'
2026-08-08 17:59:44,796 | INFO | AuraGen | ========== START GENERATION (login) ==========
2026-08-08 17:59:44,797 | INFO | AuraGen | Decision='wizard_login' | Page='login' | Score=6.61 | Action='move'
2026-08-08 17:59:44,798 | INFO | AuraGen | Decision='wizard_login' | Page='login' | Score=6.61 | Action='move'
2026-08-08 17:59:44,858 | INFO | AuraGen | Streaming from Groq model: llama-3.1-8b-instant
2026-08-08 17:59:45,101 | WARNING | AuraGen | Groq streaming with model llama-3.1-8b-instant failed: Error code: 429 - {'error': {'message': 'Rate limit reached for model `llama-3.1-8b-instant` in organization `org_01kyyfq4gwfg19b6mmv20dc3dy` service tier `on_demand` on tokens per day (TPD): Limit 500000, Used 499602, Requested 2240. Please try again in 5m18.2976s. Need more tokens? Upgrade to Dev Tier today at https://console.groq.com/settings/billing', 'type': 'tokens', 'code': 'rate_limit_exceeded'}}. Trying next fallback model...
2026-08-08 17:59:45,132 | INFO | AuraGen | Streaming from Groq model: llama-3.3-70b-versatile
2026-08-08 17:59:45,363 | WARNING | AuraGen | Groq streaming with model llama-3.3-70b-versatile failed: Error code: 429 - {'error': {'message': 'Rate limit reached for model `llama-3.3-70b-versatile` in organization `org_01kyyfq4gwfg19b6mmv20dc3dy` service tier `on_demand` on tokens per day (TPD): Limit 100000, Used 99927, Requested 1690. Please try again in 23m17.088s. Need more tokens? Upgrade to Dev Tier today at https://console.groq.com/settings/billing', 'type': 'tokens', 'code': 'rate_limit_exceeded'}}. Trying next fallback model...
2026-08-08 17:59:45,363 | ERROR | AuraGen | All Groq models failed/rate-limited. Streaming Smart Fallback Component.
2026-08-08 17:59:45,390 | INFO | AuraGen | All tokens sent. Total code length: 2372
2026-08-08 17:59:45,471 | INFO | AuraGen | Babel validation completed successfully.
2026-08-08 17:59:45,472 | INFO | AuraGen | Component saved successfully: generated_UI\login_20260808_175945.jsx
2026-08-08 17:59:45,472 | INFO | AuraGen | Generated login_20260808_175945.jsx in 0.68s
2026-08-08 17:59:45,795 | INFO | AuraGen | Decision='simple_login' | Page='login' | Score=5.82 | Action='move'
2026-08-08 17:59:45,795 | INFO | AuraGen | Decision='simple_login' | Page='login' | Score=5.82 | Action='move'
2026-08-08 17:59:46,871 | INFO | AuraGen | Decision='simple_login' | Page='login' | Score=5.12 | Action='move'
2026-08-08 17:59:46,872 | INFO | AuraGen | Decision='simple_login' | Page='login' | Score=5.12 | Action='move'
2026-08-08 17:59:47,883 | INFO | AuraGen | Decision='simple_login' | Page='login' | Score=4.51 | Action='move'
2026-08-08 17:59:47,883 | INFO | AuraGen | Decision='simple_login' | Page='login' | Score=4.51 | Action='move'
2026-08-08 17:59:47,884 | INFO | AuraGen | ========== START GENERATION (login) ==========
2026-08-08 17:59:47,884 | INFO | AuraGen | Decision='simple_login' | Page='login' | Score=4.51 | Action='move'
2026-08-08 17:59:47,885 | INFO | AuraGen | Decision='simple_login' | Page='login' | Score=4.51 | Action='move'
2026-08-08 17:59:47,907 | INFO | AuraGen | Streaming from Groq model: llama-3.1-8b-instant
2026-08-08 17:59:48,142 | WARNING | AuraGen | Groq streaming with model llama-3.1-8b-instant failed: Error code: 429 - {'error': {'message': 'Rate limit reached for model `llama-3.1-8b-instant` in organization `org_01kyyfq4gwfg19b6mmv20dc3dy` service tier `on_demand` on tokens per day (TPD): Limit 500000, Used 499584, Requested 3239. Please try again in 8m7.8144s. Need more tokens? Upgrade to Dev Tier today at https://console.groq.com/settings/billing', 'type': 'tokens', 'code': 'rate_limit_exceeded'}}. Trying next fallback model...
2026-08-08 17:59:48,159 | INFO | AuraGen | Streaming from Groq model: llama-3.3-70b-versatile
2026-08-08 17:59:48,389 | WARNING | AuraGen | Groq streaming with model llama-3.3-70b-versatile failed: Error code: 429 - {'error': {'message': 'Rate limit reached for model `llama-3.3-70b-versatile` in organization `org_01kyyfq4gwfg19b6mmv20dc3dy` service tier `on_demand` on tokens per day (TPD): Limit 100000, Used 99924, Requested 3239. Please try again in 45m32.832s. Need more tokens? Upgrade to Dev Tier today at https://console.groq.com/settings/billing', 'type': 'tokens', 'code': 'rate_limit_exceeded'}}. Trying next fallback model...
2026-08-08 17:59:48,390 | ERROR | AuraGen | All Groq models failed/rate-limited. Streaming Smart Fallback Component.
2026-08-08 17:59:48,412 | INFO | AuraGen | All tokens sent. Total code length: 2372
2026-08-08 17:59:48,494 | INFO | AuraGen | Babel validation completed successfully.
2026-08-08 17:59:48,495 | INFO | AuraGen | Component saved successfully: generated_UI\login_20260808_175948.jsx
2026-08-08 17:59:48,495 | INFO | AuraGen | Generated login_20260808_175948.jsx in 0.61s
2026-08-08 17:59:48,882 | INFO | AuraGen | Decision='simple_login' | Page='login' | Score=3.97 | Action='move'
2026-08-08 17:59:48,883 | INFO | AuraGen | Decision='simple_login' | Page='login' | Score=3.97 | Action='move'
2026-08-08 17:59:49,878 | INFO | AuraGen | Decision='simple_login' | Page='login' | Score=3.49 | Action='move'
2026-08-08 17:59:49,878 | INFO | AuraGen | Decision='simple_login' | Page='login' | Score=3.49 | Action='move'
2026-08-08 17:59:50,878 | INFO | AuraGen | Decision='simple_login' | Page='login' | Score=3.07 | Action='move'
2026-08-08 17:59:50,879 | INFO | AuraGen | Decision='simple_login' | Page='login' | Score=3.07 | Action='move'
2026-08-08 17:59:51,878 | INFO | AuraGen | Decision='rich_login' | Page='login' | Score=2.70 | Action='move'
2026-08-08 17:59:51,878 | INFO | AuraGen | Decision='rich_login' | Page='login' | Score=2.70 | Action='move'
2026-08-08 17:59:51,878 | INFO | AuraGen | ========== START GENERATION (login) ==========
2026-08-08 17:59:51,878 | INFO | AuraGen | Decision='rich_login' | Page='login' | Score=2.70 | Action='move'
2026-08-08 17:59:51,879 | INFO | AuraGen | Decision='rich_login' | Page='login' | Score=2.70 | Action='move'
2026-08-08 17:59:51,901 | INFO | AuraGen | Streaming from Groq model: llama-3.1-8b-instant
2026-08-08 17:59:52,143 | WARNING | AuraGen | Groq streaming with model llama-3.1-8b-instant failed: Error code: 429 - {'error': {'message': 'Rate limit reached for model `llama-3.1-8b-instant` in organization `org_01kyyfq4gwfg19b6mmv20dc3dy` service tier `on_demand` on tokens per day (TPD): Limit 500000, Used 499561, Requested 3371. Please try again in 8m26.6496s. Need more tokens? Upgrade to Dev Tier today at https://console.groq.com/settings/billing', 'type': 'tokens', 'code': 'rate_limit_exceeded'}}. Trying next fallback model...
2026-08-08 17:59:52,159 | INFO | AuraGen | Streaming from Groq model: llama-3.3-70b-versatile
2026-08-08 17:59:52,405 | WARNING | AuraGen | Groq streaming with model llama-3.3-70b-versatile failed: Error code: 429 - {'error': {'message': 'Rate limit reached for model `llama-3.3-70b-versatile` in organization `org_01kyyfq4gwfg19b6mmv20dc3dy` service tier `on_demand` on tokens per day (TPD): Limit 100000, Used 99919, Requested 3371. Please try again in 47m22.56s. Need more tokens? Upgrade to Dev Tier today at https://console.groq.com/settings/billing', 'type': 'tokens', 'code': 'rate_limit_exceeded'}}. Trying next fallback model...
2026-08-08 17:59:52,405 | ERROR | AuraGen | All Groq models failed/rate-limited. Streaming Smart Fallback Component.
2026-08-08 17:59:52,412 | INFO | AuraGen | All tokens sent. Total code length: 2372
2026-08-08 17:59:52,486 | INFO | AuraGen | Babel validation completed successfully.
2026-08-08 17:59:52,488 | INFO | AuraGen | Component saved successfully: generated_UI\login_20260808_175952.jsx
2026-08-08 17:59:52,488 | INFO | AuraGen | Generated login_20260808_175952.jsx in 0.61s
2026-08-08 17:59:52,877 | INFO | AuraGen | Decision='rich_login' | Page='login' | Score=2.38 | Action='move'
2026-08-08 17:59:52,878 | INFO | AuraGen | Decision='rich_login' | Page='login' | Score=2.38 | Action='move'
2026-08-08 17:59:53,877 | INFO | AuraGen | Decision='rich_login' | Page='login' | Score=2.09 | Action='move'
2026-08-08 17:59:53,877 | INFO | AuraGen | Decision='rich_login' | Page='login' | Score=2.09 | Action='move'
2026-08-08 17:59:54,881 | INFO | AuraGen | Decision='rich_login' | Page='login' | Score=1.84 | Action='move'
2026-08-08 17:59:54,882 | INFO | AuraGen | Decision='rich_login' | Page='login' | Score=1.84 | Action='move'
2026-08-08 17:59:55,883 | INFO | AuraGen | Decision='rich_login' | Page='login' | Score=1.62 | Action='move'
2026-08-08 17:59:55,883 | INFO | AuraGen | Decision='rich_login' | Page='login' | Score=1.62 | Action='move'
2026-08-08 17:59:56,883 | INFO | AuraGen | Decision='rich_login' | Page='login' | Score=1.43 | Action='move'
2026-08-08 17:59:56,883 | INFO | AuraGen | Decision='rich_login' | Page='login' | Score=1.43 | Action='move'
2026-08-08 17:59:57,882 | INFO | AuraGen | Decision='rich_login' | Page='login' | Score=1.26 | Action='move'
2026-08-08 17:59:57,882 | INFO | AuraGen | Decision='rich_login' | Page='login' | Score=1.26 | Action='move'
2026-08-08 17:59:58,884 | INFO | AuraGen | Decision='rich_login' | Page='login' | Score=1.11 | Action='move'
2026-08-08 17:59:58,885 | INFO | AuraGen | Decision='rich_login' | Page='login' | Score=1.11 | Action='move'
2026-08-08 17:59:59,874 | INFO | AuraGen | Decision='rich_login' | Page='login' | Score=0.98 | Action='move'
2026-08-08 17:59:59,875 | INFO | AuraGen | Decision='rich_login' | Page='login' | Score=0.98 | Action='move'
2026-08-08 18:00:00,876 | INFO | AuraGen | Decision='rich_login' | Page='login' | Score=0.86 | Action='move'
2026-08-08 18:00:00,877 | INFO | AuraGen | Decision='rich_login' | Page='login' | Score=0.86 | Action='move'
2026-08-08 18:00:01,877 | INFO | AuraGen | Decision='rich_login' | Page='login' | Score=0.76 | Action='move'
2026-08-08 18:00:01,878 | INFO | AuraGen | Decision='rich_login' | Page='login' | Score=0.76 | Action='move'
2026-08-08 18:00:02,876 | INFO | AuraGen | Decision='rich_login' | Page='login' | Score=0.67 | Action='move'
2026-08-08 18:00:02,877 | INFO | AuraGen | Decision='rich_login' | Page='login' | Score=0.67 | Action='move'
2026-08-08 18:00:03,877 | INFO | AuraGen | Decision='rich_login' | Page='login' | Score=0.59 | Action='move'
2026-08-08 18:00:03,878 | INFO | AuraGen | Decision='rich_login' | Page='login' | Score=0.59 | Action='move'
2026-08-08 18:00:04,873 | INFO | AuraGen | Decision='rich_login' | Page='login' | Score=0.52 | Action='move'
2026-08-08 18:00:04,874 | INFO | AuraGen | Decision='rich_login' | Page='login' | Score=0.52 | Action='move'
2026-08-08 18:00:05,874 | INFO | AuraGen | Decision='rich_login' | Page='login' | Score=0.50 | Action='move'
2026-08-08 18:00:05,875 | INFO | AuraGen | Decision='rich_login' | Page='login' | Score=0.50 | Action='move'
2026-08-08 18:00:06,875 | INFO | AuraGen | Decision='rich_login' | Page='login' | Score=0.50 | Action='move'
2026-08-08 18:00:06,875 | INFO | AuraGen | Decision='rich_login' | Page='login' | Score=0.50 | Action='move'
2026-08-08 18:00:07,876 | INFO | AuraGen | Decision='rich_login' | Page='login' | Score=0.50 | Action='move'
2026-08-08 18:00:07,876 | INFO | AuraGen | Decision='rich_login' | Page='login' | Score=0.50 | Action='move'
2026-08-08 18:00:08,870 | INFO | AuraGen | Decision='rich_login' | Page='login' | Score=0.50 | Action='move'
2026-08-08 18:00:08,870 | INFO | AuraGen | Decision='rich_login' | Page='login' | Score=0.50 | Action='move'
2026-08-08 18:00:09,870 | INFO | AuraGen | Decision='rich_login' | Page='login' | Score=0.50 | Action='move'
2026-08-08 18:00:09,871 | INFO | AuraGen | Decision='rich_login' | Page='login' | Score=0.50 | Action='move'
2026-08-08 18:00:10,874 | INFO | AuraGen | Decision='rich_login' | Page='login' | Score=0.50 | Action='move'
2026-08-08 18:00:10,874 | INFO | AuraGen | Decision='rich_login' | Page='login' | Score=0.50 | Action='move'
2026-08-08 18:00:11,874 | INFO | AuraGen | Decision='rich_login' | Page='login' | Score=0.50 | Action='move'
2026-08-08 18:00:11,874 | INFO | AuraGen | Decision='rich_login' | Page='login' | Score=0.50 | Action='move'
2026-08-08 18:00:12,870 | INFO | AuraGen | Decision='rich_login' | Page='login' | Score=0.50 | Action='move'
2026-08-08 18:00:12,871 | INFO | AuraGen | Decision='rich_login' | Page='login' | Score=0.50 | Action='move'
2026-08-08 18:00:13,883 | INFO | AuraGen | Decision='rich_login' | Page='login' | Score=0.50 | Action='move'
2026-08-08 18:00:13,883 | INFO | AuraGen | Decision='rich_login' | Page='login' | Score=0.50 | Action='move'
2026-08-08 18:00:14,882 | INFO | AuraGen | Decision='rich_login' | Page='login' | Score=0.50 | Action='move'
2026-08-08 18:00:14,882 | INFO | AuraGen | Decision='rich_login' | Page='login' | Score=0.50 | Action='move'
2026-08-08 18:00:15,882 | INFO | AuraGen | Decision='rich_login' | Page='login' | Score=0.50 | Action='move'
2026-08-08 18:00:15,882 | INFO | AuraGen | Decision='rich_login' | Page='login' | Score=0.50 | Action='move'
2026-08-08 18:00:16,884 | INFO | AuraGen | Decision='rich_login' | Page='login' | Score=0.50 | Action='move'
2026-08-08 18:00:16,884 | INFO | AuraGen | Decision='rich_login' | Page='login' | Score=0.50 | Action='move'
2026-08-08 18:00:17,881 | INFO | AuraGen | Decision='rich_login' | Page='login' | Score=0.50 | Action='move'
2026-08-08 18:00:17,881 | INFO | AuraGen | Decision='rich_login' | Page='login' | Score=0.50 | Action='move'
2026-08-08 18:00:18,876 | INFO | AuraGen | Decision='rich_login' | Page='login' | Score=0.50 | Action='move'
2026-08-08 18:00:18,876 | INFO | AuraGen | Decision='rich_login' | Page='login' | Score=0.50 | Action='move'
2026-08-08 18:00:19,873 | INFO | AuraGen | Decision='rich_login' | Page='login' | Score=0.50 | Action='move'
2026-08-08 18:00:19,874 | INFO | AuraGen | Decision='rich_login' | Page='login' | Score=0.50 | Action='move'
2026-08-08 18:00:20,877 | INFO | AuraGen | Decision='rich_login' | Page='login' | Score=0.50 | Action='move'
2026-08-08 18:00:20,877 | INFO | AuraGen | Decision='rich_login' | Page='login' | Score=0.50 | Action='move'
2026-08-08 18:00:21,876 | INFO | AuraGen | Decision='rich_login' | Page='login' | Score=0.50 | Action='move'
2026-08-08 18:00:21,877 | INFO | AuraGen | Decision='rich_login' | Page='login' | Score=0.50 | Action='move'
2026-08-08 18:00:22,878 | INFO | AuraGen | Decision='rich_login' | Page='login' | Score=0.50 | Action='move'
2026-08-08 18:00:22,879 | INFO | AuraGen | Decision='rich_login' | Page='login' | Score=0.50 | Action='move'
2026-08-08 18:00:23,877 | INFO | AuraGen | Decision='rich_login' | Page='login' | Score=0.50 | Action='move'
2026-08-08 18:00:23,877 | INFO | AuraGen | Decision='rich_login' | Page='login' | Score=0.50 | Action='move'
2026-08-08 18:00:24,874 | INFO | AuraGen | Decision='rich_login' | Page='login' | Score=0.50 | Action='move'
2026-08-08 18:00:24,875 | INFO | AuraGen | Decision='rich_login' | Page='login' | Score=0.50 | Action='move'
2026-08-08 18:00:25,873 | INFO | AuraGen | Decision='rich_login' | Page='login' | Score=0.50 | Action='move'
2026-08-08 18:00:25,873 | INFO | AuraGen | Decision='rich_login' | Page='login' | Score=0.50 | Action='move'
2026-08-08 18:00:26,880 | INFO | AuraGen | Decision='rich_login' | Page='login' | Score=0.50 | Action='move'
2026-08-08 18:00:26,881 | INFO | AuraGen | Decision='rich_login' | Page='login' | Score=0.50 | Action='move'
2026-08-08 18:00:27,874 | INFO | AuraGen | Decision='rich_login' | Page='login' | Score=0.50 | Action='move'
2026-08-08 18:00:27,875 | INFO | AuraGen | Decision='rich_login' | Page='login' | Score=0.50 | Action='move'
2026-08-08 18:00:28,871 | INFO | AuraGen | Decision='rich_login' | Page='login' | Score=0.50 | Action='move'
2026-08-08 18:00:28,872 | INFO | AuraGen | Decision='rich_login' | Page='login' | Score=0.50 | Action='move'
2026-08-08 18:00:29,870 | INFO | AuraGen | Decision='rich_login' | Page='login' | Score=0.50 | Action='move'
2026-08-08 18:00:29,870 | INFO | AuraGen | Decision='rich_login' | Page='login' | Score=0.50 | Action='move'
2026-08-08 18:00:30,873 | INFO | AuraGen | Decision='rich_login' | Page='login' | Score=0.50 | Action='move'
2026-08-08 18:00:30,874 | INFO | AuraGen | Decision='rich_login' | Page='login' | Score=0.50 | Action='move'
2026-08-08 18:00:31,873 | INFO | AuraGen | Decision='rich_login' | Page='login' | Score=0.50 | Action='move'
2026-08-08 18:00:31,873 | INFO | AuraGen | Decision='rich_login' | Page='login' | Score=0.50 | Action='move'
2026-08-08 18:00:32,880 | INFO | AuraGen | Decision='rich_login' | Page='login' | Score=0.50 | Action='move'
2026-08-08 18:00:32,880 | INFO | AuraGen | Decision='rich_login' | Page='login' | Score=0.50 | Action='move'
2026-08-08 18:00:33,881 | INFO | AuraGen | Decision='rich_login' | Page='login' | Score=0.50 | Action='move'
2026-08-08 18:00:33,882 | INFO | AuraGen | Decision='rich_login' | Page='login' | Score=0.50 | Action='move'
2026-08-08 18:00:34,880 | INFO | AuraGen | Decision='rich_login' | Page='login' | Score=0.50 | Action='move'
2026-08-08 18:00:34,880 | INFO | AuraGen | Decision='rich_login' | Page='login' | Score=0.50 | Action='move'
2026-08-08 18:00:35,873 | INFO | AuraGen | Decision='rich_login' | Page='login' | Score=0.50 | Action='move'
2026-08-08 18:00:35,873 | INFO | AuraGen | Decision='rich_login' | Page='login' | Score=0.50 | Action='move'
2026-08-08 18:00:36,876 | INFO | AuraGen | Decision='rich_login' | Page='login' | Score=0.50 | Action='move'
2026-08-08 18:00:36,877 | INFO | AuraGen | Decision='rich_login' | Page='login' | Score=0.50 | Action='move'
2026-08-08 18:00:37,875 | INFO | AuraGen | Decision='rich_login' | Page='login' | Score=0.50 | Action='move'
2026-08-08 18:00:37,876 | INFO | AuraGen | Decision='rich_login' | Page='login' | Score=0.50 | Action='move'
2026-08-08 18:00:38,876 | INFO | AuraGen | Decision='rich_login' | Page='login' | Score=0.50 | Action='move'
2026-08-08 18:00:38,877 | INFO | AuraGen | Decision='rich_login' | Page='login' | Score=0.50 | Action='move'
2026-08-08 18:00:39,877 | INFO | AuraGen | Decision='rich_login' | Page='login' | Score=0.50 | Action='move'
2026-08-08 18:00:39,877 | INFO | AuraGen | Decision='rich_login' | Page='login' | Score=0.50 | Action='move'
2026-08-08 18:00:40,873 | INFO | AuraGen | Decision='rich_login' | Page='login' | Score=0.50 | Action='move'
2026-08-08 18:00:40,873 | INFO | AuraGen | Decision='rich_login' | Page='login' | Score=0.50 | Action='move'
2026-08-08 18:00:41,877 | INFO | AuraGen | Decision='rich_login' | Page='login' | Score=0.50 | Action='move'
2026-08-08 18:00:41,877 | INFO | AuraGen | Decision='rich_login' | Page='login' | Score=0.50 | Action='move'
2026-08-08 18:00:42,873 | INFO | AuraGen | Decision='rich_login' | Page='login' | Score=0.50 | Action='move'
2026-08-08 18:00:42,874 | INFO | AuraGen | Decision='rich_login' | Page='login' | Score=0.50 | Action='move'
2026-08-08 18:00:43,872 | INFO | AuraGen | Decision='rich_login' | Page='login' | Score=0.50 | Action='move'
2026-08-08 18:00:43,873 | INFO | AuraGen | Decision='rich_login' | Page='login' | Score=0.50 | Action='move'
2026-08-08 18:00:44,881 | INFO | AuraGen | Decision='rich_login' | Page='login' | Score=0.50 | Action='move'
2026-08-08 18:00:44,881 | INFO | AuraGen | Decision='rich_login' | Page='login' | Score=0.50 | Action='move'
2026-08-08 18:00:45,880 | INFO | AuraGen | Decision='rich_login' | Page='login' | Score=0.50 | Action='move'
2026-08-08 18:00:45,881 | INFO | AuraGen | Decision='rich_login' | Page='login' | Score=0.50 | Action='move'
2026-08-08 18:00:54,870 | INFO | AuraGen | Decision='rich_login' | Page='login' | Score=0.50 | Action='move'
2026-08-08 18:00:54,870 | INFO | AuraGen | Decision='rich_login' | Page='login' | Score=0.50 | Action='move'
2026-08-08 18:01:09,522 | INFO | AuraGen | AuraGen Logger Initialized
2026-08-08 18:01:10,080 | INFO | AuraGen | Cache cleared.
2026-08-08 18:01:10,081 | INFO | AuraGen | Response cached successfully.
2026-08-08 18:01:10,081 | INFO | AuraGen | Cache HIT
2026-08-08 18:01:10,083 | INFO | AuraGen | Cache cleared.
2026-08-08 18:01:10,085 | INFO | AuraGen | Cache cleared.
2026-08-08 18:01:10,087 | INFO | AuraGen | Cache cleared.
2026-08-08 18:01:10,088 | INFO | AuraGen | Cache cleared.
2026-08-08 18:01:10,090 | INFO | AuraGen | Cache cleared.
2026-08-08 18:01:10,091 | INFO | AuraGen | Cache MISS
2026-08-08 18:01:10,092 | INFO | AuraGen | Cache cleared.
2026-08-08 18:01:10,092 | INFO | AuraGen | Response cached successfully.
2026-08-08 18:01:10,106 | INFO | AuraGen | Context saved: test_session
2026-08-08 18:01:10,108 | INFO | AuraGen | Context cleared: test_session
2026-08-08 18:01:10,108 | INFO | AuraGen | Context saved: test_session
2026-08-08 18:01:10,109 | INFO | AuraGen | Context updated: test_session
2026-08-08 18:01:10,109 | INFO | AuraGen | Context cleared: test_session
2026-08-08 18:01:10,111 | INFO | AuraGen | Context saved: test_session
2026-08-08 18:01:10,112 | INFO | AuraGen | Context cleared: test_session
2026-08-08 18:01:10,113 | INFO | AuraGen | Context saved: test_session
2026-08-08 18:01:10,114 | INFO | AuraGen | Context cleared: test_session
2026-08-08 18:01:10,115 | INFO | AuraGen | Context saved: session1
2026-08-08 18:01:10,115 | INFO | AuraGen | Context saved: session2
2026-08-08 18:01:10,115 | INFO | AuraGen | Context cleared: session1
2026-08-08 18:01:10,115 | INFO | AuraGen | Context cleared: session2
2026-08-08 18:01:10,117 | INFO | AuraGen | Decision='rich_login' | Page='login' | Score=2.00 | Action=''
2026-08-08 18:01:10,119 | INFO | AuraGen | Decision='simple_login' | Page='login' | Score=5.00 | Action=''
2026-08-08 18:01:10,120 | INFO | AuraGen | Decision='wizard_login' | Page='login' | Score=8.00 | Action=''
2026-08-08 18:01:10,121 | INFO | AuraGen | Decision='rich_dashboard' | Page='dashboard' | Score=2.00 | Action=''
2026-08-08 18:01:10,123 | INFO | AuraGen | Decision='minimal_dashboard' | Page='dashboard' | Score=8.00 | Action=''
2026-08-08 18:01:10,124 | INFO | AuraGen | Decision='registration_form' | Page='register' | Score=3.00 | Action=''
2026-08-08 18:01:10,126 | INFO | AuraGen | Decision='loan_salary_helper' | Page='loan' | Score=5.00 | Action=''
2026-08-08 18:01:10,128 | INFO | AuraGen | Decision='loan_income_helper' | Page='loan' | Score=5.00 | Action=''
2026-08-08 18:01:10,129 | INFO | AuraGen | Decision='wizard_loan_form' | Page='loan' | Score=8.00 | Action=''
2026-08-08 18:01:10,131 | INFO | AuraGen | Decision='compact_layout' | Page='' | Score=5.00 | Action='scrolling'
2026-08-08 18:01:10,132 | INFO | AuraGen | Decision='form_layout' | Page='' | Score=5.00 | Action='typing'
2026-08-08 18:01:10,133 | INFO | AuraGen | Decision='interactive_layout' | Page='' | Score=5.00 | Action='clicking'
2026-08-08 18:01:10,134 | INFO | AuraGen | Decision='minimal_ui' | Page='' | Score=8.00 | Action=''
2026-08-08 18:01:10,137 | INFO | AuraGen | Cache MISS
2026-08-08 18:01:10,137 | INFO | AuraGen | Decision='simple_ui' | Page='' | Score=0.00 | Action=''
2026-08-08 18:01:10,138 | INFO | AuraGen | Response cached successfully.
2026-08-08 18:01:10,138 | INFO | AuraGen | Generated: Login | Page= | Time=0.0s
2026-08-08 18:01:10,171 | INFO | AuraGen | Invoking Groq model: llama-3.1-8b-instant
2026-08-08 18:01:10,172 | WARNING | AuraGen | Groq generation with model llama-3.1-8b-instant failed: Unsupported message type: <class 'unittest.mock.MagicMock'>
For troubleshooting, visit: https://python.langchain.com/docs/troubleshooting/errors/MESSAGE_COERCION_FAILURE . Trying next fallback model...
2026-08-08 18:01:10,172 | INFO | AuraGen | Invoking Groq model: llama-3.3-70b-versatile
2026-08-08 18:01:10,172 | INFO | AuraGen | Groq generation (llama-3.3-70b-versatile) completed in 0.0s.
2026-08-08 18:01:10,276 | INFO | AuraGen | Babel validation completed successfully.
2026-08-08 18:01:35,721 | INFO | AuraGen | AuraGen Logger Initialized
2026-08-08 18:01:40,885 | INFO | AuraGen | WebSocket connected | Active Connections: 1
2026-08-08 18:01:40,885 | INFO | AuraGen | Frontend connected.
2026-08-08 18:01:40,886 | INFO | AuraGen | Active Connections: 1
2026-08-08 18:01:54,874 | INFO | AuraGen | Decision='rich_login' | Page='login' | Score=1.32 | Action='move'
2026-08-08 18:01:54,875 | INFO | AuraGen | Decision='rich_login' | Page='login' | Score=1.32 | Action='move'
2026-08-08 18:01:54,876 | INFO | AuraGen | ========== START GENERATION (login) ==========
2026-08-08 18:01:54,876 | INFO | AuraGen | Decision='rich_login' | Page='login' | Score=1.32 | Action='move'
2026-08-08 18:01:54,877 | INFO | AuraGen | Decision='rich_login' | Page='login' | Score=1.32 | Action='move'
2026-08-08 18:01:54,878 | INFO | AuraGen | Streaming from Groq model: llama-3.1-8b-instant
2026-08-08 18:01:55,508 | WARNING | AuraGen | Groq streaming with model llama-3.1-8b-instant failed: Error code: 429 - {'error': {'message': 'Rate limit reached for model `llama-3.1-8b-instant` in organization `org_01kyyfq4gwfg19b6mmv20dc3dy` service tier `on_demand` on tokens per day (TPD): Limit 500000, Used 498847, Requested 3371. Please try again in 6m23.2704s. Need more tokens? Upgrade to Dev Tier today at https://console.groq.com/settings/billing', 'type': 'tokens', 'code': 'rate_limit_exceeded'}}. Trying next fallback model...
2026-08-08 18:01:55,535 | INFO | AuraGen | Streaming from Groq model: llama-3.3-70b-versatile
2026-08-08 18:01:55,809 | WARNING | AuraGen | Groq streaming with model llama-3.3-70b-versatile failed: Error code: 429 - {'error': {'message': 'Rate limit reached for model `llama-3.3-70b-versatile` in organization `org_01kyyfq4gwfg19b6mmv20dc3dy` service tier `on_demand` on tokens per day (TPD): Limit 100000, Used 99776, Requested 3371. Please try again in 45m19.008s. Need more tokens? Upgrade to Dev Tier today at https://console.groq.com/settings/billing', 'type': 'tokens', 'code': 'rate_limit_exceeded'}}. Trying next fallback model...
2026-08-08 18:01:55,809 | ERROR | AuraGen | All Groq models failed/rate-limited. Streaming Smart Fallback Component.
2026-08-08 18:01:55,815 | INFO | AuraGen | All tokens sent. Total code length: 3471
2026-08-08 18:01:55,894 | INFO | AuraGen | Babel validation completed successfully.
2026-08-08 18:01:55,896 | INFO | AuraGen | Component saved successfully: generated_UI\login_20260808_180155.jsx
2026-08-08 18:01:55,896 | INFO | AuraGen | Generated login_20260808_180155.jsx in 1.02s
2026-08-08 18:02:54,886 | INFO | AuraGen | Decision='rich_login' | Page='login' | Score=1.16 | Action='move'
2026-08-08 18:02:54,887 | INFO | AuraGen | Decision='rich_login' | Page='login' | Score=1.16 | Action='move'
2026-08-08 18:03:54,882 | INFO | AuraGen | Decision='rich_login' | Page='login' | Score=1.02 | Action='move'
2026-08-08 18:03:54,882 | INFO | AuraGen | Decision='rich_login' | Page='login' | Score=1.02 | Action='move'
2026-08-08 18:04:01,638 | INFO | AuraGen | Decision='rich_login' | Page='login' | Score=0.90 | Action='move'
2026-08-08 18:04:01,638 | INFO | AuraGen | Decision='rich_login' | Page='login' | Score=0.90 | Action='move'
2026-08-08 18:04:01,790 | INFO | AuraGen | Decision='rich_login' | Page='login' | Score=0.79 | Action='move'
2026-08-08 18:04:01,790 | INFO | AuraGen | Decision='rich_login' | Page='login' | Score=0.79 | Action='move'
2026-08-08 18:04:02,800 | INFO | AuraGen | Decision='rich_login' | Page='login' | Score=0.70 | Action='move'
2026-08-08 18:04:02,801 | INFO | AuraGen | Decision='rich_login' | Page='login' | Score=0.70 | Action='move'
2026-08-08 18:04:03,798 | INFO | AuraGen | Decision='rich_login' | Page='login' | Score=0.62 | Action='move'
2026-08-08 18:04:03,798 | INFO | AuraGen | Decision='rich_login' | Page='login' | Score=0.62 | Action='move'
2026-08-08 18:04:04,874 | INFO | AuraGen | Decision='rich_login' | Page='login' | Score=0.55 | Action='move'
2026-08-08 18:04:04,875 | INFO | AuraGen | Decision='rich_login' | Page='login' | Score=0.55 | Action='move'
2026-08-08 18:04:05,886 | INFO | AuraGen | Decision='rich_login' | Page='login' | Score=0.50 | Action='move'
2026-08-08 18:04:05,886 | INFO | AuraGen | Decision='rich_login' | Page='login' | Score=0.50 | Action='move'
2026-08-08 18:04:06,880 | INFO | AuraGen | Decision='rich_login' | Page='login' | Score=0.50 | Action='move'
2026-08-08 18:04:06,881 | INFO | AuraGen | Decision='rich_login' | Page='login' | Score=0.50 | Action='move'
2026-08-08 18:04:07,880 | INFO | AuraGen | Decision='rich_login' | Page='login' | Score=0.50 | Action='move'
2026-08-08 18:04:07,880 | INFO | AuraGen | Decision='rich_login' | Page='login' | Score=0.50 | Action='move'
2026-08-08 18:04:08,876 | INFO | AuraGen | Decision='rich_login' | Page='login' | Score=0.50 | Action='move'
2026-08-08 18:04:08,876 | INFO | AuraGen | Decision='rich_login' | Page='login' | Score=0.50 | Action='move'
2026-08-08 18:04:09,879 | INFO | AuraGen | Decision='rich_login' | Page='login' | Score=0.50 | Action='move'
2026-08-08 18:04:09,880 | INFO | AuraGen | Decision='rich_login' | Page='login' | Score=0.50 | Action='move'
2026-08-08 18:04:10,874 | INFO | AuraGen | Decision='rich_login' | Page='login' | Score=0.50 | Action='move'
2026-08-08 18:04:10,874 | INFO | AuraGen | Decision='rich_login' | Page='login' | Score=0.50 | Action='move'
2026-08-08 18:04:11,870 | INFO | AuraGen | Decision='rich_login' | Page='login' | Score=0.50 | Action='move'
2026-08-08 18:04:11,870 | INFO | AuraGen | Decision='rich_login' | Page='login' | Score=0.50 | Action='move'
2026-08-08 18:04:12,871 | INFO | AuraGen | Decision='rich_login' | Page='login' | Score=0.50 | Action='move'
2026-08-08 18:04:12,872 | INFO | AuraGen | Decision='rich_login' | Page='login' | Score=0.50 | Action='move'
2026-08-08 18:04:13,879 | INFO | AuraGen | Decision='rich_login' | Page='login' | Score=0.50 | Action='move'
2026-08-08 18:04:13,879 | INFO | AuraGen | Decision='rich_login' | Page='login' | Score=0.50 | Action='move'
2026-08-08 18:04:14,878 | INFO | AuraGen | Decision='rich_login' | Page='login' | Score=0.50 | Action='move'
2026-08-08 18:04:14,878 | INFO | AuraGen | Decision='rich_login' | Page='login' | Score=0.50 | Action='move'
2026-08-08 18:04:15,874 | INFO | AuraGen | Decision='rich_login' | Page='login' | Score=0.50 | Action='move'
2026-08-08 18:04:15,874 | INFO | AuraGen | Decision='rich_login' | Page='login' | Score=0.50 | Action='move'
2026-08-08 18:04:16,872 | INFO | AuraGen | Decision='rich_login' | Page='login' | Score=0.50 | Action='move'
2026-08-08 18:04:16,873 | INFO | AuraGen | Decision='rich_login' | Page='login' | Score=0.50 | Action='move'
2026-08-08 18:04:17,871 | INFO | AuraGen | Decision='rich_login' | Page='login' | Score=0.50 | Action='move'
2026-08-08 18:04:17,872 | INFO | AuraGen | Decision='rich_login' | Page='login' | Score=0.50 | Action='move'
2026-08-08 18:04:18,884 | INFO | AuraGen | Decision='rich_login' | Page='login' | Score=0.50 | Action='move'
2026-08-08 18:04:18,885 | INFO | AuraGen | Decision='rich_login' | Page='login' | Score=0.50 | Action='move'
2026-08-08 18:04:19,881 | INFO | AuraGen | Decision='rich_login' | Page='login' | Score=0.50 | Action='move'
2026-08-08 18:04:19,881 | INFO | AuraGen | Decision='rich_login' | Page='login' | Score=0.50 | Action='move'
2026-08-08 18:04:20,883 | INFO | AuraGen | Decision='rich_login' | Page='login' | Score=0.50 | Action='move'
2026-08-08 18:04:20,884 | INFO | AuraGen | Decision='rich_login' | Page='login' | Score=0.50 | Action='move'
2026-08-08 18:04:21,876 | INFO | AuraGen | Decision='rich_login' | Page='login' | Score=0.50 | Action='move'
2026-08-08 18:04:21,877 | INFO | AuraGen | Decision='rich_login' | Page='login' | Score=0.50 | Action='move'
2026-08-08 18:04:22,878 | INFO | AuraGen | Decision='rich_login' | Page='login' | Score=0.50 | Action='move'
2026-08-08 18:04:22,879 | INFO | AuraGen | Decision='rich_login' | Page='login' | Score=0.50 | Action='move'
2026-08-08 18:04:23,872 | INFO | AuraGen | Decision='rich_login' | Page='login' | Score=0.50 | Action='move'
2026-08-08 18:04:23,872 | INFO | AuraGen | Decision='rich_login' | Page='login' | Score=0.50 | Action='move'
2026-08-08 18:04:24,871 | INFO | AuraGen | Decision='rich_login' | Page='login' | Score=0.50 | Action='move'
2026-08-08 18:04:24,871 | INFO | AuraGen | Decision='rich_login' | Page='login' | Score=0.50 | Action='move'
2026-08-08 18:04:25,878 | INFO | AuraGen | Decision='rich_login' | Page='login' | Score=0.50 | Action='move'
2026-08-08 18:04:25,879 | INFO | AuraGen | Decision='rich_login' | Page='login' | Score=0.50 | Action='move'
2026-08-08 18:04:26,875 | INFO | AuraGen | Decision='rich_login' | Page='login' | Score=0.50 | Action='move'
2026-08-08 18:04:26,875 | INFO | AuraGen | Decision='rich_login' | Page='login' | Score=0.50 | Action='move'
2026-08-08 18:04:27,873 | INFO | AuraGen | Decision='rich_login' | Page='login' | Score=0.50 | Action='move'
2026-08-08 18:04:27,874 | INFO | AuraGen | Decision='rich_login' | Page='login' | Score=0.50 | Action='move'
2026-08-08 18:04:28,882 | INFO | AuraGen | Decision='rich_login' | Page='login' | Score=0.50 | Action='move'
2026-08-08 18:04:28,883 | INFO | AuraGen | Decision='rich_login' | Page='login' | Score=0.50 | Action='move'
2026-08-08 18:04:29,871 | INFO | AuraGen | Decision='rich_login' | Page='login' | Score=0.50 | Action='move'
2026-08-08 18:04:29,871 | INFO | AuraGen | Decision='rich_login' | Page='login' | Score=0.50 | Action='move'
2026-08-08 18:04:30,883 | INFO | AuraGen | Decision='rich_login' | Page='login' | Score=0.50 | Action='move'
2026-08-08 18:04:30,884 | INFO | AuraGen | Decision='rich_login' | Page='login' | Score=0.50 | Action='move'
2026-08-08 18:04:31,884 | INFO | AuraGen | Decision='rich_login' | Page='login' | Score=0.50 | Action='move'
2026-08-08 18:04:31,884 | INFO | AuraGen | Decision='rich_login' | Page='login' | Score=0.50 | Action='move'
2026-08-08 18:04:32,874 | INFO | AuraGen | Decision='rich_login' | Page='login' | Score=0.50 | Action='move'
2026-08-08 18:04:32,874 | INFO | AuraGen | Decision='rich_login' | Page='login' | Score=0.50 | Action='move'
2026-08-08 18:04:33,885 | INFO | AuraGen | Decision='rich_login' | Page='login' | Score=0.50 | Action='move'
2026-08-08 18:04:33,885 | INFO | AuraGen | Decision='rich_login' | Page='login' | Score=0.50 | Action='move'
2026-08-08 18:04:34,881 | INFO | AuraGen | Decision='rich_login' | Page='login' | Score=0.50 | Action='move'
2026-08-08 18:04:34,881 | INFO | AuraGen | Decision='rich_login' | Page='login' | Score=0.50 | Action='move'
2026-08-08 18:04:35,877 | INFO | AuraGen | Decision='rich_login' | Page='login' | Score=0.50 | Action='move'
2026-08-08 18:04:35,877 | INFO | AuraGen | Decision='rich_login' | Page='login' | Score=0.50 | Action='move'
2026-08-08 18:04:36,883 | INFO | AuraGen | Decision='rich_login' | Page='login' | Score=0.50 | Action='move'
2026-08-08 18:04:36,883 | INFO | AuraGen | Decision='rich_login' | Page='login' | Score=0.50 | Action='move'
2026-08-08 18:04:37,871 | INFO | AuraGen | Decision='rich_login' | Page='login' | Score=0.50 | Action='move'
2026-08-08 18:04:37,872 | INFO | AuraGen | Decision='rich_login' | Page='login' | Score=0.50 | Action='move'
2026-08-08 18:04:38,884 | INFO | AuraGen | Decision='rich_login' | Page='login' | Score=0.50 | Action='move'
2026-08-08 18:04:38,885 | INFO | AuraGen | Decision='rich_login' | Page='login' | Score=0.50 | Action='move'
2026-08-08 18:04:39,878 | INFO | AuraGen | Decision='rich_login' | Page='login' | Score=0.50 | Action='move'
2026-08-08 18:04:39,879 | INFO | AuraGen | Decision='rich_login' | Page='login' | Score=0.50 | Action='move'
2026-08-08 18:04:40,874 | INFO | AuraGen | Decision='rich_login' | Page='login' | Score=0.50 | Action='move'
2026-08-08 18:04:40,874 | INFO | AuraGen | Decision='rich_login' | Page='login' | Score=0.50 | Action='move'
2026-08-08 18:04:41,880 | INFO | AuraGen | Decision='rich_login' | Page='login' | Score=0.50 | Action='move'
2026-08-08 18:04:41,880 | INFO | AuraGen | Decision='rich_login' | Page='login' | Score=0.50 | Action='move'
2026-08-08 18:04:42,877 | INFO | AuraGen | Decision='rich_login' | Page='login' | Score=0.50 | Action='move'
2026-08-08 18:04:42,877 | INFO | AuraGen | Decision='rich_login' | Page='login' | Score=0.50 | Action='move'
2026-08-08 18:04:43,874 | INFO | AuraGen | Decision='rich_login' | Page='login' | Score=0.50 | Action='move'
2026-08-08 18:04:43,874 | INFO | AuraGen | Decision='rich_login' | Page='login' | Score=0.50 | Action='move'
2026-08-08 18:04:44,872 | INFO | AuraGen | Decision='rich_login' | Page='login' | Score=0.50 | Action='move'
2026-08-08 18:04:44,873 | INFO | AuraGen | Decision='rich_login' | Page='login' | Score=0.50 | Action='move'
2026-08-08 18:04:45,870 | INFO | AuraGen | Decision='rich_login' | Page='login' | Score=0.50 | Action='move'
2026-08-08 18:04:45,870 | INFO | AuraGen | Decision='rich_login' | Page='login' | Score=0.50 | Action='move'
2026-08-08 18:04:46,885 | INFO | AuraGen | Decision='rich_login' | Page='login' | Score=0.50 | Action='move'
2026-08-08 18:04:46,885 | INFO | AuraGen | Decision='rich_login' | Page='login' | Score=0.50 | Action='move'
2026-08-08 18:04:47,879 | INFO | AuraGen | Decision='rich_login' | Page='login' | Score=0.50 | Action='move'
2026-08-08 18:04:47,880 | INFO | AuraGen | Decision='rich_login' | Page='login' | Score=0.50 | Action='move'
2026-08-08 18:04:48,881 | INFO | AuraGen | Decision='rich_login' | Page='login' | Score=0.50 | Action='move'
2026-08-08 18:04:48,881 | INFO | AuraGen | Decision='rich_login' | Page='login' | Score=0.50 | Action='move'
2026-08-08 18:04:49,870 | INFO | AuraGen | Decision='rich_login' | Page='login' | Score=0.50 | Action='move'
2026-08-08 18:04:49,871 | INFO | AuraGen | Decision='rich_login' | Page='login' | Score=0.50 | Action='move'
2026-08-08 18:04:50,883 | INFO | AuraGen | Decision='rich_login' | Page='login' | Score=0.50 | Action='move'
2026-08-08 18:04:50,884 | INFO | AuraGen | Decision='rich_login' | Page='login' | Score=0.50 | Action='move'
2026-08-08 18:04:51,873 | INFO | AuraGen | Decision='rich_login' | Page='login' | Score=0.50 | Action='move'
2026-08-08 18:04:51,874 | INFO | AuraGen | Decision='rich_login' | Page='login' | Score=0.50 | Action='move'
2026-08-08 18:04:52,877 | INFO | AuraGen | Decision='rich_login' | Page='login' | Score=0.50 | Action='move'
2026-08-08 18:04:52,877 | INFO | AuraGen | Decision='rich_login' | Page='login' | Score=0.50 | Action='move'
2026-08-08 18:04:53,875 | INFO | AuraGen | Decision='rich_login' | Page='login' | Score=0.50 | Action='move'
2026-08-08 18:04:53,876 | INFO | AuraGen | Decision='rich_login' | Page='login' | Score=0.50 | Action='move'
2026-08-08 18:04:54,877 | INFO | AuraGen | Decision='rich_login' | Page='login' | Score=0.50 | Action='move'
2026-08-08 18:04:54,878 | INFO | AuraGen | Decision='rich_login' | Page='login' | Score=0.50 | Action='move'
2026-08-08 18:04:55,882 | INFO | AuraGen | Decision='rich_login' | Page='login' | Score=0.50 | Action='move'
2026-08-08 18:04:55,883 | INFO | AuraGen | Decision='rich_login' | Page='login' | Score=0.50 | Action='move'
2026-08-08 18:04:56,880 | INFO | AuraGen | Decision='rich_login' | Page='login' | Score=0.50 | Action='move'
2026-08-08 18:04:56,880 | INFO | AuraGen | Decision='rich_login' | Page='login' | Score=0.50 | Action='move'
2026-08-08 18:04:57,881 | INFO | AuraGen | Decision='rich_login' | Page='login' | Score=0.50 | Action='move'
2026-08-08 18:04:57,881 | INFO | AuraGen | Decision='rich_login' | Page='login' | Score=0.50 | Action='move'
2026-08-08 18:04:58,885 | INFO | AuraGen | Decision='rich_login' | Page='login' | Score=0.50 | Action='move'
2026-08-08 18:04:58,885 | INFO | AuraGen | Decision='rich_login' | Page='login' | Score=0.50 | Action='move'
2026-08-08 18:04:59,882 | INFO | AuraGen | Decision='rich_login' | Page='login' | Score=0.50 | Action='move'
2026-08-08 18:04:59,882 | INFO | AuraGen | Decision='rich_login' | Page='login' | Score=0.50 | Action='move'
2026-08-08 18:05:00,883 | INFO | AuraGen | Decision='rich_login' | Page='login' | Score=0.50 | Action='move'
2026-08-08 18:05:00,884 | INFO | AuraGen | Decision='rich_login' | Page='login' | Score=0.50 | Action='move'
2026-08-08 18:05:01,869 | INFO | AuraGen | Decision='rich_login' | Page='login' | Score=0.50 | Action='move'
2026-08-08 18:05:01,870 | INFO | AuraGen | Decision='rich_login' | Page='login' | Score=0.50 | Action='move'
2026-08-08 18:05:02,880 | INFO | AuraGen | Decision='rich_login' | Page='login' | Score=0.50 | Action='move'
2026-08-08 18:05:02,880 | INFO | AuraGen | Decision='rich_login' | Page='login' | Score=0.50 | Action='move'
2026-08-08 18:05:03,881 | INFO | AuraGen | Decision='rich_login' | Page='login' | Score=0.50 | Action='move'
2026-08-08 18:05:03,882 | INFO | AuraGen | Decision='rich_login' | Page='login' | Score=0.50 | Action='move'
2026-08-08 18:05:54,881 | INFO | AuraGen | Decision='rich_login' | Page='login' | Score=0.50 | Action='move'
2026-08-08 18:05:54,882 | INFO | AuraGen | Decision='rich_login' | Page='login' | Score=0.50 | Action='move'
2026-08-08 18:06:43,917 | INFO | AuraGen | Decision='rich_login' | Page='login' | Score=0.50 | Action='move'
2026-08-08 18:06:43,917 | INFO | AuraGen | Decision='rich_login' | Page='login' | Score=0.50 | Action='move'
2026-08-08 18:06:44,795 | INFO | AuraGen | Decision='simple_login' | Page='login' | Score=4.49 | Action='move'
2026-08-08 18:06:44,796 | INFO | AuraGen | Decision='simple_login' | Page='login' | Score=4.49 | Action='move'
2026-08-08 18:06:44,796 | INFO | AuraGen | ========== START GENERATION (login) ==========
2026-08-08 18:06:44,797 | INFO | AuraGen | Decision='simple_login' | Page='login' | Score=4.49 | Action='move'
2026-08-08 18:06:44,798 | INFO | AuraGen | Decision='simple_login' | Page='login' | Score=4.49 | Action='move'
2026-08-08 18:06:44,858 | INFO | AuraGen | Streaming from Groq model: llama-3.1-8b-instant
2026-08-08 18:06:45,376 | WARNING | AuraGen | Groq streaming with model llama-3.1-8b-instant failed: Error code: 429 - {'error': {'message': 'Rate limit reached for model `llama-3.1-8b-instant` in organization `org_01kyyfq4gwfg19b6mmv20dc3dy` service tier `on_demand` on tokens per day (TPD): Limit 500000, Used 497170, Requested 3465. Please try again in 1m49.728s. Need more tokens? Upgrade to Dev Tier today at https://console.groq.com/settings/billing', 'type': 'tokens', 'code': 'rate_limit_exceeded'}}. Trying next fallback model...
2026-08-08 18:06:45,458 | INFO | AuraGen | Streaming from Groq model: llama-3.3-70b-versatile
2026-08-08 18:06:45,659 | INFO | AuraGen | WebSocket disconnected | Active Connections: 0
2026-08-08 18:06:45,660 | INFO | AuraGen | Frontend disconnected.
2026-08-08 18:06:45,786 | WARNING | AuraGen | Groq streaming with model llama-3.3-70b-versatile failed: Error code: 429 - {'error': {'message': 'Rate limit reached for model `llama-3.3-70b-versatile` in organization `org_01kyyfq4gwfg19b6mmv20dc3dy` service tier `on_demand` on tokens per day (TPD): Limit 100000, Used 99441, Requested 3465. Please try again in 41m50.784s. Need more tokens? Upgrade to Dev Tier today at https://console.groq.com/settings/billing', 'type': 'tokens', 'code': 'rate_limit_exceeded'}}. Trying next fallback model...
2026-08-08 18:06:45,787 | ERROR | AuraGen | All Groq models failed/rate-limited. Streaming Smart Fallback Component.
2026-08-08 18:06:45,808 | INFO | AuraGen | Client disconnected mid-stream for session 7e8c3d26-5abe-4f7b-854a-0a01abd04a29. Caching result.
2026-08-08 18:06:45,808 | INFO | AuraGen | All tokens sent. Total code length: 3471
2026-08-08 18:06:45,944 | INFO | AuraGen | Babel validation completed successfully.
2026-08-08 18:06:45,949 | INFO | AuraGen | Component saved successfully: generated_UI\login_20260808_180645.jsx
2026-08-08 18:06:45,949 | INFO | AuraGen | Generated login_20260808_180645.jsx in 1.15s
2026-08-08 18:06:45,953 | INFO | AuraGen | WebSocket connected | Active Connections: 1
2026-08-08 18:06:45,954 | INFO | AuraGen | Frontend connected.
2026-08-08 18:06:45,954 | INFO | AuraGen | Active Connections: 1
2026-08-08 18:06:46,045 | INFO | AuraGen | Replaying cached generation for session 7e8c3d26-5abe-4f7b-854a-0a01abd04a29
2026-08-08 18:06:46,772 | INFO | AuraGen | Decision='wizard_login' | Page='login' | Score=8.20 | Action='move'
2026-08-08 18:06:46,772 | INFO | AuraGen | Decision='wizard_login' | Page='login' | Score=8.20 | Action='move'
2026-08-08 18:06:46,895 | INFO | AuraGen | Decision='rich_login' | Page='login' | Score=2.46 | Action='move'
2026-08-08 18:06:46,896 | INFO | AuraGen | Decision='rich_login' | Page='login' | Score=2.46 | Action='move'
2026-08-08 18:06:47,890 | INFO | AuraGen | Decision='rich_login' | Page='login' | Score=2.16 | Action='move'
2026-08-08 18:06:47,890 | INFO | AuraGen | Decision='rich_login' | Page='login' | Score=2.16 | Action='move'
2026-08-08 18:06:47,891 | INFO | AuraGen | ========== START GENERATION (login) ==========
2026-08-08 18:06:47,891 | INFO | AuraGen | Decision='rich_login' | Page='login' | Score=2.16 | Action='move'
2026-08-08 18:06:47,891 | INFO | AuraGen | Decision='rich_login' | Page='login' | Score=2.16 | Action='move'
2026-08-08 18:06:47,966 | INFO | AuraGen | Streaming from Groq model: llama-3.1-8b-instant
2026-08-08 18:06:48,108 | INFO | AuraGen | Decision='rich_login' | Page='login' | Score=2.79 | Action='click'
2026-08-08 18:06:48,108 | INFO | AuraGen | Decision='rich_login' | Page='login' | Score=2.79 | Action='click'
2026-08-08 18:06:48,284 | WARNING | AuraGen | Groq streaming with model llama-3.1-8b-instant failed: Error code: 429 - {'error': {'message': 'Rate limit reached for model `llama-3.1-8b-instant` in organization `org_01kyyfq4gwfg19b6mmv20dc3dy` service tier `on_demand` on tokens per day (TPD): Limit 500000, Used 497153, Requested 3597. Please try again in 2m9.6s. Need more tokens? Upgrade to Dev Tier today at https://console.groq.com/settings/billing', 'type': 'tokens', 'code': 'rate_limit_exceeded'}}. Trying next fallback model...
2026-08-08 18:06:48,346 | INFO | AuraGen | Streaming from Groq model: llama-3.3-70b-versatile
2026-08-08 18:06:48,658 | WARNING | AuraGen | Groq streaming with model llama-3.3-70b-versatile failed: Error code: 429 - {'error': {'message': 'Rate limit reached for model `llama-3.3-70b-versatile` in organization `org_01kyyfq4gwfg19b6mmv20dc3dy` service tier `on_demand` on tokens per day (TPD): Limit 100000, Used 99437, Requested 3597. Please try again in 43m41.375999999s. Need more tokens? Upgrade to Dev Tier today at https://console.groq.com/settings/billing', 'type': 'tokens', 'code': 'rate_limit_exceeded'}}. Trying next fallback model...
2026-08-08 18:06:48,659 | ERROR | AuraGen | All Groq models failed/rate-limited. Streaming Smart Fallback Component.
2026-08-08 18:06:48,671 | INFO | AuraGen | All tokens sent. Total code length: 3471
2026-08-08 18:06:48,780 | INFO | AuraGen | Babel validation completed successfully.
2026-08-08 18:06:48,794 | INFO | AuraGen | Component saved successfully: generated_UI\login_20260808_180648.jsx
2026-08-08 18:06:48,794 | INFO | AuraGen | Generated login_20260808_180648.jsx in 0.9s
2026-08-08 18:06:48,797 | INFO | AuraGen | Decision='wizard_login' | Page='login' | Score=8.14 | Action='move'
2026-08-08 18:06:48,797 | INFO | AuraGen | Decision='wizard_login' | Page='login' | Score=8.14 | Action='move'
2026-08-08 18:06:48,896 | INFO | AuraGen | Decision='rich_login' | Page='login' | Score=2.43 | Action='move'
2026-08-08 18:06:48,897 | INFO | AuraGen | Decision='rich_login' | Page='login' | Score=2.43 | Action='move'
2026-08-08 18:06:49,268 | INFO | AuraGen | Decision='rich_login' | Page='login' | Score=1.62 | Action='move'
2026-08-08 18:06:49,268 | INFO | AuraGen | Decision='rich_login' | Page='login' | Score=1.62 | Action='move'
2026-08-08 18:06:49,901 | INFO | AuraGen | Decision='rich_login' | Page='login' | Score=0.47 | Action='move'
2026-08-08 18:06:49,902 | INFO | AuraGen | Decision='rich_login' | Page='login' | Score=0.47 | Action='move'
2026-08-08 18:06:49,964 | INFO | AuraGen | Decision='rich_login' | Page='login' | Score=2.37 | Action='click'
2026-08-08 18:06:49,965 | INFO | AuraGen | Decision='rich_login' | Page='login' | Score=2.37 | Action='click'
2026-08-08 18:06:50,900 | INFO | AuraGen | Decision='rich_login' | Page='login' | Score=2.09 | Action='move'
2026-08-08 18:06:50,900 | INFO | AuraGen | Decision='rich_login' | Page='login' | Score=2.09 | Action='move'
2026-08-08 18:06:51,326 | INFO | AuraGen | Decision='wizard_login' | Page='login' | Score=6.58 | Action='move'
2026-08-08 18:06:51,327 | INFO | AuraGen | Decision='wizard_login' | Page='login' | Score=6.58 | Action='move'
2026-08-08 18:06:51,327 | INFO | AuraGen | ========== START GENERATION (login) ==========
2026-08-08 18:06:51,327 | INFO | AuraGen | Decision='wizard_login' | Page='login' | Score=6.58 | Action='move'
2026-08-08 18:06:51,328 | INFO | AuraGen | Decision='wizard_login' | Page='login' | Score=6.58 | Action='move'
2026-08-08 18:06:51,369 | INFO | AuraGen | Streaming from Groq model: llama-3.1-8b-instant
2026-08-08 18:06:51,675 | INFO | AuraGen | Decision='simple_login' | Page='login' | Score=3.02 | Action='move'
2026-08-08 18:06:51,675 | INFO | AuraGen | Decision='simple_login' | Page='login' | Score=3.02 | Action='move'
2026-08-08 18:06:51,683 | WARNING | AuraGen | Groq streaming with model llama-3.1-8b-instant failed: Error code: 429 - {'error': {'message': 'Rate limit reached for model `llama-3.1-8b-instant` in organization `org_01kyyfq4gwfg19b6mmv20dc3dy` service tier `on_demand` on tokens per day (TPD): Limit 500000, Used 497133, Requested 3493. Please try again in 1m48.1728s. Need more tokens? Upgrade to Dev Tier today at https://console.groq.com/settings/billing', 'type': 'tokens', 'code': 'rate_limit_exceeded'}}. Trying next fallback model...
2026-08-08 18:06:51,751 | INFO | AuraGen | Streaming from Groq model: llama-3.3-70b-versatile
2026-08-08 18:06:51,891 | INFO | AuraGen | Decision='rich_login' | Page='login' | Score=1.17 | Action='move'
2026-08-08 18:06:51,891 | INFO | AuraGen | Decision='rich_login' | Page='login' | Score=1.17 | Action='move'
2026-08-08 18:06:52,078 | WARNING | AuraGen | Groq streaming with model llama-3.3-70b-versatile failed: Error code: 429 - {'error': {'message': 'Rate limit reached for model `llama-3.3-70b-versatile` in organization `org_01kyyfq4gwfg19b6mmv20dc3dy` service tier `on_demand` on tokens per day (TPD): Limit 100000, Used 99433, Requested 3493. Please try again in 42m8.064s. Need more tokens? Upgrade to Dev Tier today at https://console.groq.com/settings/billing', 'type': 'tokens', 'code': 'rate_limit_exceeded'}}. Trying next fallback model...
2026-08-08 18:06:52,078 | ERROR | AuraGen | All Groq models failed/rate-limited. Streaming Smart Fallback Component.
2026-08-08 18:06:52,109 | INFO | AuraGen | All tokens sent. Total code length: 3471
2026-08-08 18:06:52,199 | INFO | AuraGen | Babel validation completed successfully.
2026-08-08 18:06:52,203 | INFO | AuraGen | Component saved successfully: generated_UI\login_20260808_180652.jsx
2026-08-08 18:06:52,203 | INFO | AuraGen | Generated login_20260808_180652.jsx in 0.88s
2026-08-08 18:06:52,493 | INFO | AuraGen | Decision='wizard_login' | Page='login' | Score=6.29 | Action='click'
2026-08-08 18:06:52,493 | INFO | AuraGen | Decision='wizard_login' | Page='login' | Score=6.29 | Action='click'
2026-08-08 18:06:52,893 | INFO | AuraGen | Decision='simple_login' | Page='login' | Score=5.54 | Action='move'
2026-08-08 18:06:52,893 | INFO | AuraGen | Decision='simple_login' | Page='login' | Score=5.54 | Action='move'
2026-08-08 18:06:53,904 | INFO | AuraGen | Decision='simple_login' | Page='login' | Score=5.29 | Action='move'
2026-08-08 18:06:53,905 | INFO | AuraGen | Decision='simple_login' | Page='login' | Score=5.29 | Action='move'
2026-08-08 18:06:54,094 | INFO | AuraGen | Decision='loan_form' | Page='loan' | Score=3.57 | Action='click'
2026-08-08 18:06:54,094 | INFO | AuraGen | Decision='loan_form' | Page='loan' | Score=3.57 | Action='click'
2026-08-08 18:06:54,094 | INFO | AuraGen | ========== START GENERATION (loan) ==========
2026-08-08 18:06:54,094 | INFO | AuraGen | Decision='loan_form' | Page='loan' | Score=3.57 | Action='click'
2026-08-08 18:06:54,095 | INFO | AuraGen | Decision='loan_form' | Page='loan' | Score=3.57 | Action='click'
2026-08-08 18:06:54,138 | INFO | AuraGen | Decision='rich_loan_form' | Page='loan' | Score=0.89 | Action='move'
2026-08-08 18:06:54,138 | INFO | AuraGen | Decision='rich_loan_form' | Page='loan' | Score=0.89 | Action='move'
2026-08-08 18:06:54,157 | INFO | AuraGen | Streaming from Groq model: llama-3.1-8b-instant
2026-08-08 18:06:54,478 | WARNING | AuraGen | Groq streaming with model llama-3.1-8b-instant failed: Error code: 429 - {'error': {'message': 'Rate limit reached for model `llama-3.1-8b-instant` in organization `org_01kyyfq4gwfg19b6mmv20dc3dy` service tier `on_demand` on tokens per day (TPD): Limit 500000, Used 497117, Requested 3465. Please try again in 1m40.5696s. Need more tokens? Upgrade to Dev Tier today at https://console.groq.com/settings/billing', 'type': 'tokens', 'code': 'rate_limit_exceeded'}}. Trying next fallback model...
2026-08-08 18:06:54,545 | INFO | AuraGen | Streaming from Groq model: llama-3.3-70b-versatile
2026-08-08 18:06:54,870 | WARNING | AuraGen | Groq streaming with model llama-3.3-70b-versatile failed: Error code: 429 - {'error': {'message': 'Rate limit reached for model `llama-3.3-70b-versatile` in organization `org_01kyyfq4gwfg19b6mmv20dc3dy` service tier `on_demand` on tokens per day (TPD): Limit 100000, Used 99430, Requested 3465. Please try again in 41m41.28s. Need more tokens? Upgrade to Dev Tier today at https://console.groq.com/settings/billing', 'type': 'tokens', 'code': 'rate_limit_exceeded'}}. Trying next fallback model...
2026-08-08 18:06:54,870 | ERROR | AuraGen | All Groq models failed/rate-limited. Streaming Smart Fallback Component.
2026-08-08 18:06:54,903 | INFO | AuraGen | All tokens sent. Total code length: 3471
2026-08-08 18:06:55,003 | INFO | AuraGen | Babel validation completed successfully.
2026-08-08 18:06:55,007 | INFO | AuraGen | Component saved successfully: generated_UI\loan_20260808_180655.jsx
2026-08-08 18:06:55,007 | INFO | AuraGen | Generated loan_20260808_180655.jsx in 0.91s
2026-08-08 18:06:55,009 | INFO | AuraGen | Decision='wizard_loan_form' | Page='loan' | Score=7.17 | Action='move'
2026-08-08 18:06:55,010 | INFO | AuraGen | Decision='wizard_loan_form' | Page='loan' | Score=7.17 | Action='move'
2026-08-08 18:06:55,669 | INFO | AuraGen | Decision='loan_form' | Page='loan' | Score=4.29 | Action='click'
2026-08-08 18:06:55,670 | INFO | AuraGen | Decision='loan_form' | Page='loan' | Score=4.29 | Action='click'
2026-08-08 18:06:55,894 | INFO | AuraGen | Decision='loan_form' | Page='loan' | Score=3.78 | Action='move'
2026-08-08 18:06:55,894 | INFO | AuraGen | Decision='loan_form' | Page='loan' | Score=3.78 | Action='move'
2026-08-08 18:06:56,900 | INFO | AuraGen | Decision='loan_form' | Page='loan' | Score=3.33 | Action='move'
2026-08-08 18:06:56,901 | INFO | AuraGen | Decision='loan_form' | Page='loan' | Score=3.33 | Action='move'
2026-08-08 18:06:57,902 | INFO | AuraGen | Decision='wizard_loan_form' | Page='loan' | Score=6.26 | Action='move'
2026-08-08 18:06:57,903 | INFO | AuraGen | Decision='wizard_loan_form' | Page='loan' | Score=6.26 | Action='move'
2026-08-08 18:06:57,903 | INFO | AuraGen | ========== START GENERATION (loan) ==========
2026-08-08 18:06:57,903 | INFO | AuraGen | Decision='wizard_loan_form' | Page='loan' | Score=6.26 | Action='move'
2026-08-08 18:06:57,904 | INFO | AuraGen | Decision='wizard_loan_form' | Page='loan' | Score=6.26 | Action='move'
2026-08-08 18:06:57,957 | INFO | AuraGen | Streaming from Groq model: llama-3.1-8b-instant
2026-08-08 18:06:58,286 | WARNING | AuraGen | Groq streaming with model llama-3.1-8b-instant failed: Error code: 429 - {'error': {'message': 'Rate limit reached for model `llama-3.1-8b-instant` in organization `org_01kyyfq4gwfg19b6mmv20dc3dy` service tier `on_demand` on tokens per day (TPD): Limit 500000, Used 497095, Requested 3503. Please try again in 1m43.3344s. Need more tokens? Upgrade to Dev Tier today at https://console.groq.com/settings/billing', 'type': 'tokens', 'code': 'rate_limit_exceeded'}}. Trying next fallback model...
2026-08-08 18:06:58,288 | INFO | AuraGen | Decision='loan_form' | Page='loan' | Score=4.03 | Action='move'
2026-08-08 18:06:58,290 | INFO | AuraGen | Decision='loan_form' | Page='loan' | Score=4.03 | Action='move'
2026-08-08 18:06:58,350 | INFO | AuraGen | Streaming from Groq model: llama-3.3-70b-versatile
2026-08-08 18:06:58,661 | WARNING | AuraGen | Groq streaming with model llama-3.3-70b-versatile failed: Error code: 429 - {'error': {'message': 'Rate limit reached for model `llama-3.3-70b-versatile` in organization `org_01kyyfq4gwfg19b6mmv20dc3dy` service tier `on_demand` on tokens per day (TPD): Limit 100000, Used 99426, Requested 3503. Please try again in 42m10.656s. Need more tokens? Upgrade to Dev Tier today at https://console.groq.com/settings/billing', 'type': 'tokens', 'code': 'rate_limit_exceeded'}}. Trying next fallback model...
2026-08-08 18:06:58,662 | ERROR | AuraGen | All Groq models failed/rate-limited. Streaming Smart Fallback Component.
2026-08-08 18:06:58,672 | INFO | AuraGen | All tokens sent. Total code length: 3471
2026-08-08 18:06:58,759 | INFO | AuraGen | Babel validation completed successfully.
2026-08-08 18:06:58,764 | INFO | AuraGen | Component saved successfully: generated_UI\loan_20260808_180658.jsx
2026-08-08 18:06:58,764 | INFO | AuraGen | Generated loan_20260808_180658.jsx in 0.86s
2026-08-08 18:06:58,887 | INFO | AuraGen | Decision='loan_form' | Page='loan' | Score=3.57 | Action='click'
2026-08-08 18:06:58,888 | INFO | AuraGen | Decision='loan_form' | Page='loan' | Score=3.57 | Action='click'
2026-08-08 18:06:58,902 | INFO | AuraGen | Decision='loan_form' | Page='loan' | Score=3.14 | Action='move'
2026-08-08 18:06:58,903 | INFO | AuraGen | Decision='loan_form' | Page='loan' | Score=3.14 | Action='move'
2026-08-08 18:06:59,891 | INFO | AuraGen | Decision='rich_loan_form' | Page='loan' | Score=2.76 | Action='move'
2026-08-08 18:06:59,892 | INFO | AuraGen | Decision='rich_loan_form' | Page='loan' | Score=2.76 | Action='move'
2026-08-08 18:07:00,496 | INFO | AuraGen | Decision='wizard_loan_form' | Page='loan' | Score=7.30 | Action='move'
2026-08-08 18:07:00,497 | INFO | AuraGen | Decision='wizard_loan_form' | Page='loan' | Score=7.30 | Action='move'
2026-08-08 18:07:00,867 | INFO | AuraGen | Decision='rich_loan_form' | Page='loan' | Score=2.64 | Action='move'
2026-08-08 18:07:00,867 | INFO | AuraGen | Decision='rich_loan_form' | Page='loan' | Score=2.64 | Action='move'
2026-08-08 18:07:00,890 | INFO | AuraGen | Decision='rich_loan_form' | Page='loan' | Score=0.70 | Action='move'
2026-08-08 18:07:00,890 | INFO | AuraGen | Decision='rich_loan_form' | Page='loan' | Score=0.70 | Action='move'
2026-08-08 18:07:01,409 | INFO | AuraGen | Decision='rich_loan_form' | Page='loan' | Score=2.48 | Action='click'
2026-08-08 18:07:01,409 | INFO | AuraGen | Decision='rich_loan_form' | Page='loan' | Score=2.48 | Action='click'
2026-08-08 18:07:01,409 | INFO | AuraGen | ========== START GENERATION (loan) ==========
2026-08-08 18:07:01,409 | INFO | AuraGen | Decision='rich_loan_form' | Page='loan' | Score=2.48 | Action='click'
2026-08-08 18:07:01,410 | INFO | AuraGen | Decision='rich_loan_form' | Page='loan' | Score=2.48 | Action='click'
2026-08-08 18:07:01,463 | INFO | AuraGen | Streaming from Groq model: llama-3.1-8b-instant
2026-08-08 18:07:01,807 | WARNING | AuraGen | Groq streaming with model llama-3.1-8b-instant failed: Error code: 429 - {'error': {'message': 'Rate limit reached for model `llama-3.1-8b-instant` in organization `org_01kyyfq4gwfg19b6mmv20dc3dy` service tier `on_demand` on tokens per day (TPD): Limit 500000, Used 497075, Requested 3485. Please try again in 1m36.767999999s. Need more tokens? Upgrade to Dev Tier today at https://console.groq.com/settings/billing', 'type': 'tokens', 'code': 'rate_limit_exceeded'}}. Trying next fallback model...
2026-08-08 18:07:01,857 | INFO | AuraGen | Streaming from Groq model: llama-3.3-70b-versatile
2026-08-08 18:07:01,893 | INFO | AuraGen | Decision='loan_form' | Page='loan' | Score=5.83 | Action='move'
2026-08-08 18:07:01,894 | INFO | AuraGen | Decision='loan_form' | Page='loan' | Score=5.83 | Action='move'
2026-08-08 18:07:02,178 | WARNING | AuraGen | Groq streaming with model llama-3.3-70b-versatile failed: Error code: 429 - {'error': {'message': 'Rate limit reached for model `llama-3.3-70b-versatile` in organization `org_01kyyfq4gwfg19b6mmv20dc3dy` service tier `on_demand` on tokens per day (TPD): Limit 100000, Used 99422, Requested 3485. Please try again in 41m51.647999999s. Need more tokens? Upgrade to Dev Tier today at https://console.groq.com/settings/billing', 'type': 'tokens', 'code': 'rate_limit_exceeded'}}. Trying next fallback model...
2026-08-08 18:07:02,178 | ERROR | AuraGen | All Groq models failed/rate-limited. Streaming Smart Fallback Component.
2026-08-08 18:07:02,212 | INFO | AuraGen | All tokens sent. Total code length: 3471
2026-08-08 18:07:02,323 | INFO | AuraGen | Babel validation completed successfully.
2026-08-08 18:07:02,339 | INFO | AuraGen | Component saved successfully: generated_UI\loan_20260808_180702.jsx
2026-08-08 18:07:02,340 | INFO | AuraGen | Generated loan_20260808_180702.jsx in 0.93s
2026-08-08 18:07:02,772 | INFO | AuraGen | Decision='wizard_loan_form' | Page='loan' | Score=10.00 | Action='click'
2026-08-08 18:07:02,772 | INFO | AuraGen | Decision='wizard_loan_form' | Page='loan' | Score=10.00 | Action='click'
2026-08-08 18:07:02,894 | INFO | AuraGen | Decision='wizard_loan_form' | Page='loan' | Score=8.80 | Action='move'
2026-08-08 18:07:02,894 | INFO | AuraGen | Decision='wizard_loan_form' | Page='loan' | Score=8.80 | Action='move'
2026-08-08 18:07:03,751 | INFO | AuraGen | Decision='loan_income_helper' | Page='loan' | Score=4.45 | Action='click'
2026-08-08 18:07:03,752 | INFO | AuraGen | Decision='loan_income_helper' | Page='loan' | Score=4.45 | Action='click'
2026-08-08 18:07:03,796 | INFO | AuraGen | Decision='loan_income_helper' | Page='loan' | Score=1.12 | Action='move'
2026-08-08 18:07:03,797 | INFO | AuraGen | Decision='loan_income_helper' | Page='loan' | Score=1.12 | Action='move'
2026-08-08 18:07:03,797 | INFO | AuraGen | ========== START GENERATION (loan) ==========
2026-08-08 18:07:03,797 | INFO | AuraGen | Decision='loan_income_helper' | Page='loan' | Score=1.12 | Action='move'
2026-08-08 18:07:03,799 | INFO | AuraGen | Decision='loan_income_helper' | Page='loan' | Score=1.12 | Action='move'
2026-08-08 18:07:03,864 | INFO | AuraGen | Streaming from Groq model: llama-3.1-8b-instant
2026-08-08 18:07:03,902 | INFO | AuraGen | Decision='loan_income_helper' | Page='loan' | Score=0.99 | Action='move'
2026-08-08 18:07:03,902 | INFO | AuraGen | Decision='loan_income_helper' | Page='loan' | Score=0.99 | Action='move'
2026-08-08 18:07:04,152 | WARNING | AuraGen | Groq streaming with model llama-3.1-8b-instant failed: Error code: 429 - {'error': {'message': 'Rate limit reached for model `llama-3.1-8b-instant` in organization `org_01kyyfq4gwfg19b6mmv20dc3dy` service tier `on_demand` on tokens per day (TPD): Limit 500000, Used 497061, Requested 3460. Please try again in 1m30.028799999s. Need more tokens? Upgrade to Dev Tier today at https://console.groq.com/settings/billing', 'type': 'tokens', 'code': 'rate_limit_exceeded'}}. Trying next fallback model...
2026-08-08 18:07:04,207 | INFO | AuraGen | Streaming from Groq model: llama-3.3-70b-versatile
2026-08-08 18:07:04,522 | WARNING | AuraGen | Groq streaming with model llama-3.3-70b-versatile failed: Error code: 429 - {'error': {'message': 'Rate limit reached for model `llama-3.3-70b-versatile` in organization `org_01kyyfq4gwfg19b6mmv20dc3dy` service tier `on_demand` on tokens per day (TPD): Limit 100000, Used 99419, Requested 3460. Please try again in 41m27.456s. Need more tokens? Upgrade to Dev Tier today at https://console.groq.com/settings/billing', 'type': 'tokens', 'code': 'rate_limit_exceeded'}}. Trying next fallback model...
2026-08-08 18:07:04,522 | ERROR | AuraGen | All Groq models failed/rate-limited. Streaming Smart Fallback Component.
2026-08-08 18:07:04,551 | INFO | AuraGen | All tokens sent. Total code length: 3471
2026-08-08 18:07:04,651 | INFO | AuraGen | Babel validation completed successfully.
2026-08-08 18:07:04,654 | INFO | AuraGen | Component saved successfully: generated_UI\loan_20260808_180704.jsx
2026-08-08 18:07:04,655 | INFO | AuraGen | Generated loan_20260808_180704.jsx in 0.86s
2026-08-08 18:07:04,657 | INFO | AuraGen | Decision='loan_income_helper' | Page='loan' | Score=6.37 | Action='move'
2026-08-08 18:07:04,658 | INFO | AuraGen | Decision='loan_income_helper' | Page='loan' | Score=6.37 | Action='move'
2026-08-08 18:07:04,901 | INFO | AuraGen | Decision='loan_income_helper' | Page='loan' | Score=1.70 | Action='move'
2026-08-08 18:07:04,902 | INFO | AuraGen | Decision='loan_income_helper' | Page='loan' | Score=1.70 | Action='move'
2026-08-08 18:07:05,223 | INFO | AuraGen | Decision='loan_income_helper' | Page='loan' | Score=2.67 | Action='click'
2026-08-08 18:07:05,223 | INFO | AuraGen | Decision='loan_income_helper' | Page='loan' | Score=2.67 | Action='click'
2026-08-08 18:07:05,908 | INFO | AuraGen | Decision='loan_income_helper' | Page='loan' | Score=2.35 | Action='move'
2026-08-08 18:07:05,910 | INFO | AuraGen | Decision='loan_income_helper' | Page='loan' | Score=2.35 | Action='move'
2026-08-08 18:07:06,323 | INFO | AuraGen | Decision='loan_income_helper' | Page='loan' | Score=7.99 | Action='move'
2026-08-08 18:07:06,324 | INFO | AuraGen | Decision='loan_income_helper' | Page='loan' | Score=7.99 | Action='move'
2026-08-08 18:07:06,901 | INFO | AuraGen | Decision='loan_income_helper' | Page='loan' | Score=2.56 | Action='move'
2026-08-08 18:07:06,901 | INFO | AuraGen | Decision='loan_income_helper' | Page='loan' | Score=2.56 | Action='move'
2026-08-08 18:07:07,016 | INFO | AuraGen | Decision='loan_income_helper' | Page='loan' | Score=2.89 | Action='click'
2026-08-08 18:07:07,017 | INFO | AuraGen | Decision='loan_income_helper' | Page='loan' | Score=2.89 | Action='click'
2026-08-08 18:07:07,905 | INFO | AuraGen | Decision='loan_income_helper' | Page='loan' | Score=7.92 | Action='move'
2026-08-08 18:07:07,905 | INFO | AuraGen | Decision='loan_income_helper' | Page='loan' | Score=7.92 | Action='move'
2026-08-08 18:07:07,906 | INFO | AuraGen | ========== START GENERATION (loan) ==========
2026-08-08 18:07:07,906 | INFO | AuraGen | Decision='loan_income_helper' | Page='loan' | Score=7.92 | Action='move'
2026-08-08 18:07:07,908 | INFO | AuraGen | Decision='loan_income_helper' | Page='loan' | Score=7.92 | Action='move'
2026-08-08 18:07:07,968 | INFO | AuraGen | Streaming from Groq model: llama-3.1-8b-instant
2026-08-08 18:07:08,289 | WARNING | AuraGen | Groq streaming with model llama-3.1-8b-instant failed: Error code: 429 - {'error': {'message': 'Rate limit reached for model `llama-3.1-8b-instant` in organization `org_01kyyfq4gwfg19b6mmv20dc3dy` service tier `on_demand` on tokens per day (TPD): Limit 500000, Used 497037, Requested 3460. Please try again in 1m25.8816s. Need more tokens? Upgrade to Dev Tier today at https://console.groq.com/settings/billing', 'type': 'tokens', 'code': 'rate_limit_exceeded'}}. Trying next fallback model...
2026-08-08 18:07:08,369 | INFO | AuraGen | Streaming from Groq model: llama-3.3-70b-versatile
2026-08-08 18:07:08,674 | WARNING | AuraGen | Groq streaming with model llama-3.3-70b-versatile failed: Error code: 429 - {'error': {'message': 'Rate limit reached for model `llama-3.3-70b-versatile` in organization `org_01kyyfq4gwfg19b6mmv20dc3dy` service tier `on_demand` on tokens per day (TPD): Limit 100000, Used 99414, Requested 3460. Please try again in 41m23.136s. Need more tokens? Upgrade to Dev Tier today at https://console.groq.com/settings/billing', 'type': 'tokens', 'code': 'rate_limit_exceeded'}}. Trying next fallback model...
2026-08-08 18:07:08,674 | ERROR | AuraGen | All Groq models failed/rate-limited. Streaming Smart Fallback Component.
2026-08-08 18:07:08,690 | INFO | AuraGen | All tokens sent. Total code length: 3471
2026-08-08 18:07:08,847 | INFO | AuraGen | Babel validation completed successfully.
2026-08-08 18:07:08,852 | INFO | AuraGen | Component saved successfully: generated_UI\loan_20260808_180708.jsx
2026-08-08 18:07:08,853 | INFO | AuraGen | Generated loan_20260808_180708.jsx in 0.95s
2026-08-08 18:07:08,897 | INFO | AuraGen | Decision='loan_income_helper' | Page='loan' | Score=6.97 | Action='move'
2026-08-08 18:07:08,898 | INFO | AuraGen | Decision='loan_income_helper' | Page='loan' | Score=6.97 | Action='move'
2026-08-08 18:07:09,368 | INFO | AuraGen | WebSocket disconnected | Active Connections: 0
2026-08-08 18:07:09,369 | INFO | AuraGen | Frontend disconnected.
